-- phpMyAdmin SQL Dump
-- version 4.8.5
-- https://www.phpmyadmin.net/
--
-- Servidor: 127.0.0.1
-- Tiempo de generación: 13-06-2019 a las 11:02:34
-- Versión del servidor: 10.1.38-MariaDB
-- Versión de PHP: 7.1.27
CREATE DATABASE mapas;
USE mapas;
GRANT SELECT, INSERT, UPDATE, DELETE, CREATE, DROP, PROCESS, FILE, INDEX, ALTER, CREATE TEMPORARY TABLES, EXECUTE, CREATE VIEW, SHOW VIEW, CREATE ROUTINE, ALTER ROUTINE, EVENT, TRIGGER ON *.* TO 'minsait'@'localhost' IDENTIFIED BY PASSWORD '*5F5CBEBC64780BC8BCE3DF8D4283F75A7D9F0113';
SET SQL_MODE = "NO_AUTO_VALUE_ON_ZERO";
SET AUTOCOMMIT = 0;
START TRANSACTION;
SET time_zone = "+00:00";


/*!40101 SET @OLD_CHARACTER_SET_CLIENT=@@CHARACTER_SET_CLIENT */;
/*!40101 SET @OLD_CHARACTER_SET_RESULTS=@@CHARACTER_SET_RESULTS */;
/*!40101 SET @OLD_COLLATION_CONNECTION=@@COLLATION_CONNECTION */;
/*!40101 SET NAMES utf8mb4 */;


--
-- Base de datos: `mapas`
--

-- --------------------------------------------------------

--
-- Estructura de tabla para la tabla `ambitos`
--

CREATE TABLE `ambitos` (
  `numeracion` int(4) NOT NULL,
  `ambito` varchar(100) CHARACTER SET utf8 COLLATE utf8_spanish2_ci NOT NULL
) ENGINE=InnoDB DEFAULT CHARSET=utf8 COLLATE=utf8_spanish_ci;

--
-- Volcado de datos para la tabla `ambitos`
--

INSERT INTO `ambitos` (`numeracion`, `ambito`) VALUES
(1, 'Arquitectura de Desarrollo'),
(2, 'Arquitectura de Ejecución'),
(3, 'Arquitectura de Operación'),
(4, 'Business Partner'),
(5, 'Calidad y Seguridad'),
(6, 'Catálogo de Servicios'),
(7, 'CAU'),
(8, 'Contract Manager'),
(9, 'DevOps'),
(10, 'Infraestructura'),
(11, 'Integración'),
(12, 'Modelo de Gobierno'),
(13, 'Movilidad'),
(14, 'Operations Manager'),
(15, 'PMO'),
(16, 'Portales'),
(17, 'Proveedores AM y OP'),
(18, 'Release Manager'),
(19, 'Seguridad'),
(20, 'Sistemas Corporativos'),
(21, 'Sistemas Informacionales'),
(22, 'Sistemas Operacionales'),
(23, 'Arquitectura'),
(24, 'Reliability - Diseño soluciones'),
(25, 'Reliability - Construcción soluciones'),
(26, 'Reliability - Despliegue soluciones'),
(27, 'Reliability - Operación soluciones'),
(28, 'Reliability - Infraestructura'),
(29, 'Testing'),
(30, 'Reliability - Alta disponibilidad'),
(31, 'PMBOK - Project Portfolio'),
(32, 'ITIL - Information Technology');

-- --------------------------------------------------------

--
-- Estructura de tabla para la tabla `secciones`
--

CREATE TABLE `secciones` (
  `id` int(4) NOT NULL,
  `seccion` varchar(150) COLLATE utf8_spanish_ci NOT NULL
) ENGINE=InnoDB DEFAULT CHARSET=utf8 COLLATE=utf8_spanish_ci;

--
-- Volcado de datos para la tabla `secciones`
--

INSERT INTO `secciones` (`id`, `seccion`) VALUES
(1, 'Canales de distribución'),
(2, 'Middleware'),
(3, 'Servicios Microservicios'),
(4, 'Storage & Processing'),
(5, 'Sistemas Legados(AD HOC)'),
(6, 'Sistemas Empresariales');

-- --------------------------------------------------------

--
-- Estructura de tabla para la tabla `variables`
--

CREATE TABLE `variables` (
  `id` int(4) NOT NULL,
  `numeracion` int(4) NOT NULL,
  `nombre` varchar(150) COLLATE utf8_spanish_ci NOT NULL,
  `descripcion` text COLLATE utf8_spanish_ci NOT NULL,
  `valor_minimo` text COLLATE utf8_spanish_ci,
  `valor_maximo` text COLLATE utf8_spanish_ci
) ENGINE=InnoDB DEFAULT CHARSET=utf8 COLLATE=utf8_spanish_ci;

--
-- Volcado de datos para la tabla `variables`
--

INSERT INTO `variables` (`id`, `numeracion`, `nombre`, `descripcion`, `valor_minimo`, `valor_maximo`) VALUES
(1, 23, 'Arquitectura Empresarial', 'Capacidad de Gobierno de Arquitectura Empresarial en base a los mecanismos habilitados para tal fin para las capas de negocio, sistemas de información e infraestructuras.', '1. No existe una visión de Arquitectura Empresarial.', '5. Se establece una arquitectura común compuesta por los procesos de negocio, la información, los datos, las aplicaciones y las capas de la arquitectura tecnológica de manera eficaz y eficiente para la realización de las estrategias de la organización y de TI mediante la creación de modelos clave y prácticas que describan las líneas de partida y las arquitecturas objetivo. Se definen los requisitos para la taxonomía, las normas, las directrices, los procedimientos, las plantillas y las herramientas y proporcionan un vínculo para estos componentes. Se mejora la adecuación, aumenta la agilidad, mejora la calidad de la información y se generan ahorros de costes potenciales mediante iniciativas tales como la reutilización de bloques de componentes para los procesos de construcción.'),
(2, 23, 'Innovación', 'Capacidad de innovación asociada a los mecanismos de descubrimiento de nuevas tecnologías y su aplicación al negocio de manera pro-activa.', '1. La respuesta a las necesidades del negocio es siempre reactiva.', '5. Se mantiene un conocimiento de la tecnología de la información y las tendencias relacionadas con el servicio, se identifican las oportunidades de innovación y se planifica la manera de beneficiarse de estas innovaciones en relación con las necesidades del negocio. Se analizan cuáles son las oportunidades para la innovación empresarial o qué mejora puede crearse con las nuevas tecnologías, servicios o innovaciones empresariales facilitadas por TI, así como a través de las tecnologías ya existentes y por la innovación en  procesos empresariales y de TI. La innovación tiene influencia en la planificación estratégica y en las decisiones de la arquitectura de la organización'),
(3, 23, 'Gobierno de la Arquitectura', 'Capacidad de Gobierno técnico de los componentes de arquitectura de software durante su ciclo de vida.', '1. No existen mecanismos de gobierno de la arquitectura.', '5. Se gobierna de manera integral la arquitectura utilizada por todas las soluciones de software corporativas. Este gobierno es eficaz, eficiente y alineado con la estrategia de TI de la organización. Se mantiene un control de los proyectos de TI, garantizando el cumplimiento de las políticas de uso de los componentes tecnológicos. Desde el área de Arquitectura se definen y modelan los diferentes módulos que componen la Arquitectura de la organización y sus interrelaciones, así como los principios rectores de su diseño y evolución en el tiempo, permitiendo una entrega estándar, sensible y eficiente de los objetivos operativos y estratégicos. El equipo de arquitectura está dimensionado en base a la demanda y está capacitado para trabajar con las nuevas piezas arquitectónicas  que van siendo incorporadas.'),
(4, 23, 'Gobierno de la Infraestructura', 'Capacidad de Gobierno técnico de los componentes de infraestructura durante su ciclo de vida.', '1. No existen mecanismos de gobierno de la infraestructura.', '5. Se gobierna de manera integral la infraestructura utilizada por todas las soluciones de software corporativas. Este gobierno es eficaz, eficiente y alineado con la estrategia de TI de la organización. Se mantiene un control integral de todos los componentes de infraestructura que habilitan a las aplicaciones del negocio. Desde el área de Infraestructura se realizan las adquisiciones software y hardware y se gestiona la evolución y mantenimiento de los componentes adquiridos y desarrollados internamente. Los equipos de operación están dimensionados en base a la demanda y están capacitados para operar las nuevas tecnologías  que van siendo incorporadas.'),
(5, 23, 'Gobierno y Gestión del Dato', 'La trazabilidad del dato o linaje, es la capacidad de conocer todo el ciclo de vida del dato desde su extracción y las distintas transformaciones del mismo hasta su publicación. La necesidad de conocer los distintos estados del dato en todo este proceso se hace evidente en las labores de validación/corrección y sobre todo en los ejercicios de auditoría. El objetivo final es dar fiabilidad al resultado publicado.', '1. No hay sistemas ni procesos automáticos que monitoricen las distintas transformaciones sufridas por el dato hasta su publicación final.', '5. Existen sistemas o procesos que monitorizan y exponen todo el ciclo de vida del dato desde su ingesta en los sistemas de información, pasando por sus distintas transformaciones hasta llegar a su publicación final'),
(6, 23, 'Gobierno de BI', 'Capacidad de indentificar todas las fuentes de información y realizar análisis de esos datos para proporcionar información para la toma de decisiones.', '1. No existe sistema de BI.', '5. Existen herramientas para la generación de cuadros de mando y reportes fiables y de valor. Proporcionar capacidad analítica para apoyar la toma de decisiones. '),
(7, 23, 'Gestión de la Identificación y Construcción de Soluciones', 'Disponibilidad de mecanismos para identificar y construir las soluciones que den respuesta a las peticiones demandadas por el negocio.', '1. No existe una metodología de desarrollo que cubra todas las fases del ciclo de vida del software.', '5. Se establecen y mantienen soluciones identificadas en línea con los requerimientos de la organización que abarcan el diseño, desarrollo, compras/contratación y asociación con proveedores/fabricantes. Se gestiona la configuración, preparación de pruebas, realización de pruebas, gestión de requerimientos y mantenimiento de procesos de negocio, aplicaciones, datos/información, infraestructura y servicios.'),
(8, 23, 'Entornos de desarrollo', 'Existencia de diferentes entornos de desarrollo para el equipo de desarrollo.', '1. No existen entornos de desarrollo.', '5. Existen distintos entornos de desarrollo corporativos (normalmente Desarrollo, Integración, preproducción y producción), claramente identificados, con unas responsabilidades distintas en cada uno de ellos.'),
(9, 23, 'Arquitectura de desarrollo', 'Existencia de una arquitectura o componentes de arquitectura comunes para el desarrollo de aplicaciones  que se encuentre gestionada y mantenida por un equipo especifico.', '1. No existe una arquitectura de desarrollo', '5. Existe una arquitectura común para todos los desarrollos realizados, con una documentación accesible a todos los equipos, que dispone de mecanismos de comunicación de nuevas versiones a todos los involucrados y un roadmap claramente definido y conocido por los equipos.'),
(10, 23, 'Normativa de desarrollo', 'Existencia de una normativa de desarrollo de los sistemas.', '1. No existe una normativa de desarrollo.', '5. Existe una normativa de desarrollo accesible por los desarrolladores y con mecanismos de evaluación de cumplimiento en los mismos.'),
(11, 23, 'Guías de estilo corporativas', 'Existencia de guías de estilo corporativas que definan una imagen de marca para los aplicativos en cualquier canal de comunicación y dispositivo.', '1. No existen guías de estilos corporativas.', '5. Existen guías de estilos corporativas para los distintos canales de acceso a la información.'),
(12, 4, 'Relación con Negocio', 'Existen mecanismos de relación y comunicación bidireccional entre negocio y TI.', '1. No existe ningún mecanismo formalizado de comunicación de las necesidades y expectativas del negocio.', '5. Se gestionan las relaciones entre el negocio y TI de modo formal y transparente, enfocándolas hacia el objetivo común de obtener resultados empresariales exitosos. La relación se basa en la confianza mutua, usando términos entendibles y lenguaje común, apoyando a negocio y aportándose soluciones imaginativas de manera proactiva.'),
(13, 4, 'Gestión de la Demanda Estratégica', 'Existencia de un proceso unificado de Gestión de la Demanda.', '1. No existe una Gestión de la Demanda de Negocio unificada.', '5. Se identifican soluciones y se analizan requerimientos antes de la adquisición o creación, para asegurar que estén en línea con los requerimientos estratégicos de la organización y que cubren los procesos de negocios, aplicaciones, información/datos, infraestructura y servicios. Se realiza una coordinación con las partes interesadas afectadas para la revisión de las opciones viables, incluyendo costes y beneficios relacionados, análisis de riesgos y aprobación de los requerimientos y soluciones propuestas.'),
(14, 4, 'Gestión de Requisitos', 'Existencia de un proceso estructurado de recogida y análisis de requisitos.', '1. No existe una Gestión de Requisitos estructurada y priorizada.', '5. Se cuenta con una gestión estructurada de requisitos y existen plantillas específicas de toma y análisis de requisitos.'),
(15, 4, 'Cálculo del Impacto', 'Estudio previo al lanzamiento de un proyecto para conocer el impacto que este nuevo proyecto puede tener en otro proyectos, en otros áreas o en negocio.', '1. No se realiza estudio previo de impacto.', '5. Se realiza en estudio previo para conocer como puede afectar el lanzamiento del nuevo proyecto, que impacto puede ocasionar en otros proyecto o áreas de la organización.'),
(16, 4, 'Escalado del seguimiento del proyecto', 'Se recopila toda la información relativa al proyecto facilitada por el Release Manager, el Contract Manager y la PMO, y se elaboran informes para entregar a negocio, con comentarios y análisis ad hoc que expliquen la información más relevante para negocio.', '1. No se recopila la información relevante para negocio. Ni se realiza seguimiento ni se proporciona información detallada a negocio.', '5. Se recopila la información del estado el proyecto y se elaboran los informes de seguimiento para entregar a negocio '),
(17, 4, 'Coordinación con Release Managers', 'Se establecen pautas de coordinación con el Release Manager para el traspaso bidireccional de información.', '1. No se establecen pautas de coordinación entre Business Partner y Release Manager.', '5. Se establecen calendarios de reuniones para compartir la información y se elaboran los documentos que se estimen oportunos para la comunicación y coordinación bidireccional.'),
(18, 4, 'Cálculo del ROI', 'Se colabora en el cálculo del ROI del proyecto con información recopilada de los diferentes actores del proyecto.', '1. No se realiza el cálculo del ROI para los proyectos.', '5. Se realiza un cálculo del ROI esperado'),
(19, 5, 'Marco de Gobierno TI', 'Capacidad de Gobierno de TI proporcionada por las diferentes estructuras, procesos, mecanismos y órganos de gobierno habilitados para tal fin.', '1. No existen las estructuras, los procesos y los órganos de gobierno que permiten realizar una gestión de TI.', '5. Se realiza un análisis de los requisitos para el gobierno de la Dirección TI y se ponen en marcha y mantienen las estructuras'),
(20, 5, 'Marco Metodológico', 'Existencia de un conjunto de procesos, procedimientos y estándares que regulen la actividad del departamento de TI. ', '1. No se dispone de un marco metodológico.', '5. Existe un marco metodológico implantado en la organización que es conocido y utilizado por todos los equipos, empleando para ello las herramientas disponibles.'),
(21, 5, 'Gestión del Conocimiento', 'Disponibilidad del conocimiento relevante y criterios de actualización. Identificación, recopilación, organización, mantenimiento, uso y retirada de conocimiento.', '1. No se realizan actividades relacionadas con la Gestión del Conocimiento en las actividades de gestión de TI.', '5. Se mantiene la disponibilidad del conocimiento relevante, actualizado, validado y fiable para dar soporte a todas las actividades de los procesos y facilitar la toma de decisiones. Se planifica la identificación, recopilación, organización, mantenimiento, uso y retirada de conocimiento.'),
(22, 5, 'Documentación de los Servicios de Información', 'Se mide la existencia de documentación que cumpla con una normativa corporativa y centralizada ya establecida. Se valora el grado de  documentación de los servicios de información en los siguientes ámbitos:\n - A nivel Usuario,  que se disponga de manuales de uso para los distintos servicios y publicaciones, así como una relación de las métricas presentadas, sobre que ejes de análisis se pueden estudiar y que filtros aplican.\n - A nivel de Operación, que se disponga de guías de ejecución y operación, con reglas de monitorización, detección de incidencias, planes de contingencia,…\n - A nivel de desarrollo, que se disponga de la documentación de las distintas librerías de desarrollo disponibles, nomenclaturas, normativas de desarrollo, el uso de entornos, las promociones de software y demás normativa.\n', '1. No se dispone de documentación en alguno de los tres ámbitos descritos y la información se traspasa en sesiones /conversaciones de transferencia de conocimiento.', '5. Se dispone de un repositorio centralizado, actualizado y accesible de la documentación detallada para cada uno de los ámbitos descritos y con una política de seguridad diferenciada para cada ámbito y rol.'),
(23, 5, 'Sistemas de almacenamiento documental', 'Valoración de los mecanismos de almacenamiento existentes, acorde a los requerimientos de gestión documental de la Organización.', '1. La Organización no dispone de sistemas de almacenamiento dedicados, ni acordes a los tipos documentales y uso necesarios.', '5. Existencia de mecanismos de almacenamiento dedicados y acordes a los tipos documentales y uso necesarios en la Organización.'),
(24, 5, 'Gestión de Recursos Humanos', 'Idoneidad de los mecanismos de gestión de la estructura organizativa, los mecanismos de gobierno y comunicación de responsabilidades, así como de las necesidades de formación.', '1. No existen mecanismos.', '5. Se proporciona un enfoque estructurado para garantizar una óptima estructuración, ubicación, capacidades de decisión y habilidades de los recursos humanos. Esto incluye la comunicación de las funciones y responsabilidades definidas, la formación y planes de desarrollo personal y las expectativas de desempeño, con el apoyo de gente competente y motivada.'),
(25, 5, 'Estrategia de QA', 'Existencia de una estrategia global de QA que contemple distintos aspectos como QA documental, análisis de código, metodología de pruebas, recursos dedicados y gobierno de la misma.', '1. No existe una estrategia global de QA', '5. La estrategia de QA se encuentra implantada de forma cross en todos los desarrollos contando con una metodología claramente definida, recursos dedicados e involucrados en todo el ciclo de vida del software.'),
(26, 5, 'Gestión de Calidad', 'Disponibilidad de mecanismos de control de calidad globales a toda la actividad de TI.', '1. No existen controles de calidad.', '5. Se definen y comunican los requisitos de calidad en todos los procesos, procedimientos y resultados relacionados de la organización, incluyendo controles, vigilancia constante y el uso de prácticas probadas y estándares de mejora continua y esfuerzos de eficiencia.'),
(27, 5, 'Testing', 'Se dispone de entorno, metodología y servicio de soporte a usuarios que de forma conjunta soporten las tareas de la fase de UAT en el ciclo de vida del software. El servicio de soporte se encargaría de supervisar los procesos de testing en la fase UAT, generar los planes de pruebas e iterar con los usuarios las pruebas necesarias para conseguir la aprobación o la no conformidad de las mismas.', '1.No existe entorno, normativa de testing ni servicio de soporte a usuario para la fase de UAT.', '5. Existe entorno, metodología y servicio de soporte a usuario que habiliten tanto pruebas automáticas como  testeo y validación por parte de los usuarios, sobre las implantaciones de software en la fase de UAT.'),
(28, 5, 'SGSI', 'Existencia de un SGSI (Sistemas de Gestión de Seguridad de la Información).', '1. No existe el Sistema definido', '5. Existe un SGSI y los controles de seguridad de la información definidos son periódicamente revisados y actualizados. '),
(29, 5, 'Gestión de Seguridad', 'Capacidad de los mecanismos de gestión de seguridad para controlar los aspectos relacionados con la seguridad de la información alojada en los sistemas.', '1. No existen mecanismos de seguridad formalizados', '5. Se define, opera y supervisa un sistema para la gestión de la seguridad de la información.'),
(30, 5, 'Gestión de Riesgos', 'Capacidad de los mecanismos de gestión de riesgos para controlar y mitigar el riesgo operacional en la TI.', '1. No se realiza una gestión formalizada de riesgos.', '5. Se identifican, evalúan y reducen los riesgos relacionados con TI de forma continua, dentro de niveles de tolerancia establecidos por la dirección '),
(31, 5, 'Plan de contingencia', 'Un plan de contingencia ha de estar establecido y en él han de estar identificados los diferentes actores que intervienen ante posibles incidente que supongan la perdida de servicio del centro principal, así como las acciones necesarias para levantar el servicio en el centro de respaldo.', '1. No se dispone de plan de contingencia.', '5. Se dispone de plan de contingencia y es probado periódicamente.'),
(32, 5, 'RTO', 'No se ha definido un RTO (Tiempo Objetivo de Recuperación) en el que el centro de respaldo ha de estar dando servicio ante un incidente que provoque la perdida de servicio del centro principal. Este parámetro ha de estar marcado según las necesidades de negocio.', '1. No se dispone de RTO definido.', '5. El RTO está claramente definido y es alcanzable con la arquitectura implementada.'),
(33, 5, 'HA sistemas', 'Se dispone de sistemas para garantizar la HA (alta disponibilidad) de los sistemas críticos de STL', '1. No existen sistemas de HA', '5. Alta Disponibilidad de sistemas distribuida entre CPDs, soportando cada uno de ellos el 100% de la carga y disponiendo de un tercer CPD como contingencia.'),
(34, 6, 'Clasificación de servicios', 'Existencia de una clasificación de todos los servicios proporcionados por el departamento TI.', '1. No existe una clasificación.', '5. Existe una clasificación de todos los servicios prestados, tanto operativos como estratégicos, la cual es conocida por los usuarios y el personal del departamento TI.'),
(35, 6, 'Descripción de Servicios', 'Existencia de una descripción de los servicios prestados.', '1. No se dispone de una descripción.', '5. Existe una descripción documentada de todos los servicios, donde se identifican sus principales características y los servicios críticos, la cual es mantenida y se encuentra publicada.'),
(36, 6, 'Canales de entrada de la demanda', 'Se detallan y controlan todas las vías de entrada de petición de servicios.', '1. No están definidas ni controladas las vías de entrada para la petición de servicios.', '5. Se detalla, por cada servicio, las diferentes vías de entrada por las que se puede realizar la petición de servicios. Además, se controla su uso y cumplimiento, y estos canales son conocidos por toda la organización.'),
(37, 6, 'Definición de peticionario del servicio', 'Se detalla qué roles o departamentos pueden solicitar cada servicio o tipo de servicio.', '1. No se definen los roles o departamentos que pueden solicitar los servicios.', '5. Se define detalladamente por cada servicio los roles o departamentos que pueden solicitar dicho servicio.'),
(38, 6, 'Responsable del servicio', 'Se define qué rol o departamento es el responsable de realizar el servicio.', '1. No se definen los roles o departamentos responsables de la prestación del servicio.', '5. Se definen detalladamente los departamentos o roles responsables de la prestación de cada uno de los servicios.'),
(39, 6, 'Tiempo máximo de resolución', 'Se establece un tiempo máximo de resolución por cada servicio o tipo de servicio.', '1. No se especifican los tiempos máximos de resolución de los servicios.', '5. Se encuentran establecidos los tiempos máximos de resolución para cada uno de los servicios.'),
(40, 6, 'Horario del servicio', 'Se establecen los horarios y días de la semana en los que se presta el servicio.', '1. No se dispone de un horario concreto para la prestación del servicio.', '5. Se encuentran establecidos y comunicados adecuadamente los horarios y días de la semana en los que se presta el servicio.'),
(41, 6, 'Entradas', 'Se define si es necesario presentar algún documento o información para que el servicio pueda ser prestado.', '1. No están definidas las entradas de cada servicio.', '5. Se encuentran definidas las entradas de los servicios, incluyéndose las plantillas asociadas a cada tipo.'),
(42, 6, 'Prioridad del servicio', 'Se le asigna una prioridad a los servicios, identificando aquellos que son críticos para la organización.', '1. No hay asignada una prioridad a los servicios ni se identifican aquellos que son críticos para la organización.', '5. Se encuentra asignada una prioridad a cada servicio y se encuentran identificados aquellos servicios que son críticos para la organización.'),
(43, 6, 'Definición de servicio completado', 'Existe una definición en la que se especifica cuándo o en qué condiciones se da por proporcionado o completado el servicio.', '1. No existe una definición que especifique cuando y de que manera se completa el servicio.', '5. Existe una definición de cuándo se da por finalizado y completado el servicio.'),
(44, 6, 'Relación de servicios', 'Se dispone de un modelo de relación de servicios y subservicios del departamento TI y sus proveedores.', '1. No existe una relación entre los servicios del catálogo ni se detallan agrupaciones.', '5. Existe una relación documentada entre los servicios prestados, siendo posible identificar impactos y dependencias entre los mismos.'),
(45, 6, 'Autorización de prestación del servicio', 'Se detalla si el servicio debe contar con  autorización previa a su prestación, quién debe autorizarlo y cómo se debe producir dicha autorización. Queda constancia de esa autorización y se comunica tanto al prestatario como al peticionario.', '1. No existe un protocolo de autorización de servicios. No se solicita autorización para la prestación de los servicios.', '5. Existe un protocolo perfectamente redactado donde se especifica las condiciones por las cuales un servicio puede requerir autorización  previa a su prestación, queda registrada dicha autorización o denegación y se comunica adecuadamente.'),
(46, 6, 'Valoración del coste del servicio', 'Se relacionan los servicios que deben llevar asociada una valoración de costes previa a la prestación del servicio, y si esos costes requieren de autorización por sobrepasar una determinada cantidad.', '1. No existe un protocolo de valoración del coste del servicio.', '5. Existe un protocolo establecido de que servicios deben llevar una valoración del coste que supone la prestación, como debe hacerse esta valoración, y si requiere de autorización cuando sobrepase una determinada cantidad.'),
(47, 7, 'Punto único de contacto', 'Punto único para todo el contacto y relación de los usuarios con el Departamento TI en el ámbito de la demanda operativa.', '1. La entrada de la demanda operativa no se encuentra centralizada.', '5. Se dispone de un Punto único de contacto mediante el cual los usuarios puedan solicitar servicios, reportar incidencias y conocer el estado en el que se encuentran sus demandas operativas.'),
(48, 7, 'Registro de la demanda operativa', 'Se registra toda la demanda operativa recibida en el Departamento TI.', '1. No se registra la demanda operativa.', '5. Todas la demanda se registra adecuadamente.'),
(49, 7, 'Categorización de la demanda', 'Existe una tipificación y categorización de la demanda.', '1. No se categoriza la demanda.', '5. Se establecen los diferentes tipos y categorías de la demanda, y se registra cada demanda con su tipo y categoría asociados. Se dispone de una categorización de cierre.'),
(50, 7, 'Priorización de la demanda', 'Se realiza una priorización de la demanda en base a unos criterios de priorización establecidos por categoría.', '1. No se prioriza la demanda.', '5. Se prioriza la demanda por parte de los usuarios y se revisa y valida por parte del CAU.'),
(51, 7, 'Seguimiento y comunicación de la demanda', 'El peticionario tiene la posibilidad de hacer seguimiento de sus peticiones.', '1. No existe la posibilidad de hacer seguimiento de la propia demanda', '5. Existe la posibilidad de hacer seguimiento de la demanda y de ver el ciclo de vida de la demanda, los estados y periodos por lo que ha pasado.'),
(52, 7, 'Resolución de demandas operativas en nivel 1', 'Están establecidos los criterios de resolución en nivel 1 de la demanda y se cuenta con la capacidad y disponibilidad para realizarlo.', '1. No se realiza una resolución adecuada en nivel 1 o se escala directamente a nivel 2 por falta de capacidad o de disponibilidad.', '5. Se resuelven las incidencias de nivel 1 tal y como está reflejado en los criterios de resolución de incidencias'),
(53, 7, 'Escalado de demanda', 'Están establecidos los parámetros y circunstancias en los que una incidencia se debe escalar a nivel 2 para su resolución.', '1. No están establecidos los criterios de escalado, se escala según la apreciación o capacidad del técnico.', '5. Se escalan la demanda en base a los criterios establecidos.'),
(54, 7, 'Verificación y cierre de demandas', 'Se realiza una verificación de que la demanda ha sido resuelta por parte del peticionario, quien tiene la obligación de cerrar la demanda una vez verificada o, por el contrario,  comunicar que no ha sido resuelta.', '1. No existe la posibilidad por parte del peticionario de verificar su demanda. No se realiza dicha verificación', '5. Toda la demanda es verificada por los peticionarios, quedando constancia de ello en el ciclo de vida de la demanda, realizando el cierre.'),
(55, 7, 'Evaluación de la calidad del servicio prestado', 'El peticionario tiene la posibilidad de evaluar la calidad del servicio prestado por el prestatario.', '1. No existe la posibilidad de evaluar al prestatario del servicio o al servicio prestado.', '5. Existe un sistema para evaluar al prestatario del servicio o al servicio prestado.'),
(56, 7, 'Tiempo de resolución de la demanda.', 'Se registra el tiempo transcurrido entre la petición de la demanda y su resolución, con fines de análisis de tiempos de respuesta.', '1. No se registra el tiempo de resolución de la demanda. ', '5. Se registra adecuadamente el tiempo de resolución de la demanda'),
(57, 7, 'Mediciones y mejora continua', 'Se realizan mediciones y revisiones periódicas de los procesos para impulsar iniciativas de mejora continua.', '1. No se realizan iniciativas de mejora continua.', '5. Se realizan mediciones y revisiones periódicas de los procesos relativos a la demanda, se evalúan y se mejoran los procesos.'),
(58, 8, 'Búsqueda de proveedores', 'Identificación de proveedores y solicitud de presupuestos', '1. No se lleva a cabo una selección de proveedores de manera procedimentada. Ni se utilizan plantillas, ni hay establecidos parámetros de comparación ni se siguen procesos definidos para llevar a cabo la selección.', '5. Se buscan, identifican, analizan y comparan proveedores de manera procedimentada. Para ello, se utiliza un criterio de comparativa de soluciones previamente definido y se utilizan plantillas para la preparación del pliego de condiciones. Además, existen plantillas de Oferta Técnica y Oferta Económica que garantizan la calidad del entregable. '),
(59, 8, 'Negociación del contrato ', 'Definición de cláusulas del contrato entre STL y un proveedor TI', '1. No se definen ANSs.', '5. Se definen ANSs que garanticen la cobertura del servicio de manera adecuada, que establezcan los modelos de seguimiento y control del cumplimiento de los objetivos establecidos por contrato, y especifique medidas correctoras y/o penalizaciones por imcumplimiento.'),
(60, 8, 'Traslado de requisitos', 'Capacidad de los mecanismos de gestión de proveedores de trasladar los requisitos del negocio a los proveedores de servicios externalizados.', '1. Inexistencia de mecanismos de traslado de requisitos dentro de la gestión de proveedores.', '5. La gestión de proveedores incluye mecanismos establecidos que garanticen que los requisitos de negocio se trasladan adecuadamente a proveedores, y que los proveedores cumplemen con ellos en tiempo y forma.'),
(61, 8, 'Gestión de Underpinning Contracts', 'Alineamiento entre la calidad del servicio demanda por TI y calidad de servicio prestado por proveedores', '1. No se mide el alineamiento entre la calidad solicitada por la demanda y la calidad prestada por la oferta.', '5. Se alinean los servicios tecnológicos y los niveles de servicio acordados con los proveedores, incluyendo identificación, especificación, diseño, publicación, acuerdo y supervisión de los servicios, niveles de servicio e indicadores de rendimiento.'),
(62, 8, 'Consumo de servicios', 'Existencia de mecanismos de consumo de servicios centralizados que permitan tener un gobierno de los mismos.', '1. No se dispone de mecanismos centralizados de consumo de servicios.', '5. Existencia de una herramienta que permite el consumo de servicios de terceros centralizada.'),
(63, 8, 'Medición y Control', 'Capacidad de los procesos y herramientas disponibles para registrar la información asociada al desempeño de la actividad de TI. Uso de la información obtenida para análisis y mejora continua de los procesos monitorizados.', '1. No se realizan mediciones de la actividad del proveedor.', '5. Se recolectan, validan y evalúan métricas y objetivos de negocio, de TI y de procesos. Se supervisa que los procesos se están realizando acorde al rendimiento acordado y conforme a los objetivos y métricas y se proporcionan informes de forma sistemática y planificada.'),
(64, 8, 'Comunicación con los diferentes stakeholders', 'El Contract Manager garantiza la comunicación entre los stakeholders tácticos de TI (Business Partners y Release Managers) y los stakeholders operativos de TI. Se establece un modelo de comunicación, con la definición de comités periódicos y canales de distribución.', '1. No se establece ningún mecanismo de comunicación formal.', '5. Existe un plan de comunicación bajo el que se define el modelo de relación de las capas de gestión del Departamento TI y las capas operativas. Para ello, se utilizan Comités periódicos y canales de distribución previamente definidos.'),
(65, 14, 'Gestión de Operaciones', 'Disponibilidad de un marco de procesos y procedimientos documentado de operación.', '1. No existe un marco de procesos y procedimientos documentado para la operación TI.', '5. Se coordinan y ejecutan las actividades y los procedimientos operativos requeridos para entregar servicios de TI, tanto internos como externalizados, incluyendo la ejecución de procesos y procedimientos operativos documentados y las actividades de monitorización requeridas.'),
(66, 14, 'Medición y Control', 'Capacidad de los procesos y herramientas disponibles para registrar la información asociada al desempeño de la actividad de TI. Uso de la información obtenida para análisis y mejora continua de los procesos monitorizados.', '1. No se realizan mediciones de la actividad de TI.', '5. Se recolectan, validan y evalúan métricas y objetivos de negocio, de TI y de procesos. Se supervisa que los procesos se están realizando acorde al rendimiento acordado y conforme a los objetivos y métricas y se proporcionan informes de forma sistemática y planificada.'),
(67, 14, 'Gestión de Acuerdos de Servicio', 'Alineamiento entre la calidad del servicio prestado por TI y calidad de servicio demandada por negocio.', '1. No se mide el alineamiento entre la calidad solicitada por la demanda y la calidad prestada por la oferta.', '5. Se alinean los servicios tecnológicos y los niveles de servicio con las necesidades y expectativas de la organización, incluyendo identificación, especificación, diseño, publicación, acuerdo y supervisión de los servicios TI, niveles de servicio e indicadores de rendimiento.'),
(68, 14, 'Seguimiento de la resolución de la demanda', 'Realización de un seguimiento y control de toda la demanda operativa, existiendo un perfil responsable de su resolución.', '1. No existe un responsable de realizar el seguimiento de la resolución de la demanda', '5. El responsable prioriza, escala y vela por la resolución de la demanda, cumpliendo con los ANSs establecidos. '),
(69, 14, 'Priorización de la demanda operativa', 'La demanda se prioriza de acuerdo a unos criterios definidos. De esta manera, se garantiza que la resolución de la demanda se lleve a cabo de manera adecuada. ', '1. No se prioriza la demanda.', '5. Se prioriza la demanda en base a unos criterios de urgencia e impacto sobre el negocio'),
(70, 14, 'Gestión de la Disponibilidad y la Capacidad', 'Actividades de planificación de las necesidades futuras de disponibilidad, rendimiento y capacidad.', '1. No se realiza una gestión previsora de disponibilidad, rendimiento y capacidad.', '5. Se equilibran las necesidades actuales y futuras de disponibilidad, rendimiento y capacidad con una provisión de servicio efectiva en costes. Incluye la evaluación de las capacidades actuales, la previsión de necesidades futuras basadas en los requerimientos del negocio, el análisis del impacto en el negocio y la evaluación del riesgo para planificar e implementar acciones para alcanzar los requerimientos identificados.'),
(71, 14, 'Gestión de Activos', 'Existe una gestión de los activos a lo largo de su ciclo de vida. Se gestionan las licencias de software.', '1. No se realiza una gestión de activos ni de licencias formalizada.', '5. Se gestionan los activos de TI a través de su ciclo de vida para asegurar que su uso aporta valor a un coste óptimo, que se mantendrán en funcionamiento, que están justificados y protegidos físicamente, y que los activos que son fundamentales para apoyar la capacidad del servicio son fiables y están disponibles. Se administran las licencias de software para asegurar que se adquiere el número óptimo, se mantienen y despliegan en relación con el uso necesario para el negocio y el software instalado cumple con los acuerdos de licencia.'),
(72, 14, 'Gestión de la Configuración', 'Existe una gestión de los elementos de configuracion a lo largo de su ciclo de vida.', '1. No se realiza una gestión de los elementos de configuración y sus relaciones.', '5. Se definen y mantienen las definiciones y relaciones entre los principales recursos y capacidades necesarios para la prestación de los servicios proporcionados por TI, incluyendo la recopilación de información de configuración, el establecimiento de líneas de referencia, la verificación y auditoría de la información de configuración y la actualización del repositorio de configuración.'),
(73, 14, 'Monitorización, medición y mejora continua', 'Se realiza monitorización de los servicios prestados, se realizan mediciones para impulsar iniciativas de mejora continua. ', '1. No se realiza monitorización ni mediciones, ni mejora continua.', '5. Se cuenta con cuadro de mando para la monitorización de los servicios prestados, se realizan mediciones de rendimiento que ayuden a impulsar iniciativas de mejora continua.'),
(74, 15, 'Gestión del Portafolio de Servicios y Programas', 'Capacidad de Gestión de un Portafolio completo de los Servicios prestados por la TI y de todos los programas gestionados de manera integral.', '1. No existe una gestión del portafolio de servicios y programas global a todo TI.', '5. Se evalúan, priorizan y equilibran programas y servicios, se gestiona la demanda con los recursos y restricciones de fondos, basados en su alineamiento con los objetivos estratégicos así como en su valor y riesgo corporativo. Se mueven los programas seleccionados al portafolio de servicios activos listos para ser ejecutados. Se supervisa el rendimiento global del portafolio de servicios y programas, proponiendo ajustes si fuesen necesarios en respuesta al rendimiento de programas y servicios o al cambio en las prioridades corporativas.'),
(75, 15, 'Gestión de Riesgos de proyectos', 'Capacidad de los mecanismos de gestión de riesgos para controlar y mitigar el riesgo asociado a los proyectos.', '1. No se realiza una gestión formalizada de riesgos.', '5. Se identifican, evalúan y reducen los riesgos relacionados con todos los proyectos de forma continua, dentro de niveles de tolerancia establecidos por la dirección '),
(76, 15, 'Gestión de Programas y Proyectos', 'Eficacia de los mecanismos de control y seguimiento en la ejecución de proyectos.', '1. No existe un proceso de gestión de programas y proyectos.', '5. Se gestionan todos los programas y proyectos del portafolio de forma coordinada y en línea con la estrategia corporativa. Se inician, planifican, controlan y ejecutan programas y proyectos y se cierran con una revisión post-implementación.'),
(77, 15, 'Gestión de recursos', 'Estimación de los recursos y capacidades necesarias en el Departamento TI, y la gestión de los mismos para la prestación de los servicios TI', '1. No se realiza una estimación y gestión de recursos', '5. Se realiza una gestión para asegurar que las adecuadas y suficientes capacidades relacionadas con las TI (personas, procesos y tecnologías) están disponibles para soportar eficazmente los objetivos de la empresa a un coste óptimo.'),
(78, 15, 'Plantillas de proyectos', 'Existencia de templates o esqueletos que permitan estandarizar la gestión de proyectos.', '1. No existen plantillas para la gestión de proyectos.', '5. Se dispone de plantillas relacionadas con la calidad de los proyectos, actas de reuniones, informes de pre-estudio y viabilidad, guías de planificación, informes de ejecución, informes de seguimiento e informes de cierre de los proyectos. '),
(79, 15, 'Control Presupuestario de proyectos', 'Control presupuestario de los proyectos desarrollados en el departamento', '1. No existe un control presupuestario', '5. La PMO realiza la gestión presupuestaria de los proyectos en base al Marco Metodológico establecido, controlando que el presupuesto definido por negocio esté alineado con el presupuesto incurrido durante la ejecución del proyecto, comunicando las desviaciones encontradas.  '),
(80, 15, 'Seguimiento de proyectos', 'Evaluación de la salud de cada proyecto de manera periódica', '1. No se lleva a cabo un seguimiento de los proyectos a ningún nivel', '5. Se reporta con una frecuencia determinada cuál es el estado actual de todos los proyectos, proporcionando una visión global de la salud de los proyectos que permita la toma de decisiones.'),
(81, 15, 'Cumplimiento del marco metodológico', 'Realiza y supervisa los procesos enmarcados en el marco metodológico establecido, y vela por su cumplimiento en todas las fases del proyecto', '1. No existe Marco Metodológico', '5. Está establecido. Se realizan los procesos para su cumplimiento y se supervisa que se cumpla. '),
(82, 15, 'Gestión Presupuestaria del departamento TI', 'Se planifica y se realiza seguimiento del presupuesto anual del departamento.', '1. No hay gestión presupuestaria a nivel departamento.', '5. Se realiza presupuesto anual para el departamento y se realiza seguimiento periódico de su ejecución.  '),
(83, 15, 'Gestión Financiera del departamento de TI', 'Se realiza una gestión financiera completa a nivel departamento.', '1. No hay gestión financiera del departamento.', '5. Se realiza la gestión financiera del departamento para conocer el coste que tienen los diferentes trabajos realizados por el departamento.'),
(84, 17, 'Documentación', 'Existencia de documentación funcional y técnica tanto de la arquitectura como de los desarrollos realizados.', '1. No existe documentación funcional ni técnica.', '5. Se dispone de documentación funcional y técnica de uso de la arquitectura así como de los sistemas desarrollados con la misma. Dicha documentación se encuentra versionada y alineada con las versiones de la arquitectura y los sistemas.'),
(85, 17, 'Nivel de obsolescencia tecnológica', 'Situación del ciclo de vida en el que se encuentran los frameworks que intervienen en el desarrollo y ejecución de los sistemas.', '1. Las tecnologías empleadas se encuentran discontinuadas actualmente, no disponen de soporte oficial y presentan dificultades para ser empleadas con los nuevos dispositivos.', '5. La tecnología empleada en las aplicaciones se encuentra entre las tecnologías actuales más extendidas e incorpora facilidades de uso con los nuevos dispositivos.'),
(86, 17, 'Independencia tecnológica de sistemas externos', 'Grado de independencia de las tecnologías involucradas en el sistema operacional con respecto a los sistemas sobre los que se apoya.', '1. Las aplicaciones son completamente dependientes de los sistemas externos no pudiendo ser modificados.', '5. Las aplicaciones son completamente independientes de los sistemas sobre lo que se encuentran desplegados.'),
(87, 17, 'Monitorización', 'Capacidad de monitorización del sistema y de la actividad de negocio.', '1. No existen mecanismos ni herramientas de monitorización.', '5. Existen herramientas de monitorización del uso de servicios, para su uso por negocio y por sistemas.'),
(88, 17, 'Conocimiento transversal ', 'Grado de conocimiento por persona de los sistemas que quedan fuera de su responsabilidad.', '1. Cada persona, de manera individual, actúa como único conocedor de determinados programas y aplicaciones, teniendo dicha persona todo el conocimiento sobre los mismos. ', '5. El conocimiento de los principales sistemas, tanto aplicaciones como programas, está repartido en diferentes personas, o al menos está adecuadamente documentado. De esta manera, se minimiza al máximo la dependencia de la compañía de perfiles tecnológicos concretos.'),
(89, 17, 'Modelo de Reporting e Indicadores', 'Se establece un modelo y periodicidad de reporting que el proveedor debe proporcinar conel objetio de conocer el alcance del trabajo realizad oy el cumplimiento de los ANSs.', '1. No está establecido un modelo de reporting que el proveedor debe proporcionar.', '5. Está establecido un modelo detallado de reporting con documentos y periodicidad, para conocer el alcance del trabajo realizado, lo que queda por realizar, los plazos establecidos y el cumplimiento de las ANSs.'),
(90, 17, 'Modelo de Relación con el proveedor', 'Establecimiento de un modelo de relacion con el proveedor de servicios.', '1. No está establecido un modelo de relación con los proveedores.', '5. Se establece un modelo de relación con los proveedores. Se mantienen reuniones periodicas para el intercambio de información y el cumplimiento de las ANSs.'),
(91, 18, 'Versionado y generación de releases', 'Existencia de una metodología de versionado del código fuente (no orientado a una herramienta de control de versiones) y una generación de Releases  de los distintos artefactos que forman parte de los entregables.', '1. No existe un versionado ni una generación de releases de los sistemas.', '5. Se dispone de una metodología de versionado del código fuente, y una generación de releases.'),
(92, 18, 'Repositorio de versiones', 'Existencia de un repositorio de versiones', '1. No existe un repositorio de versiones.', '5. Se dispone de un repositorio de versiones corporativo donde se encuentran todos los desarrollos generados, versionados y cuyo acceso es controlado mediante mecanismos de seguridad corporativos.'),
(93, 18, 'Control de versiones', 'Existencia de una herramienta de control de versiones.', '1. No existe una herramienta de control de versiones.', '5. Existe una herramienta de control de versiones corporativo para todo el código fuente que permita versionar y generar releases de versiones, trabajo con distintas ramas de cada artefacto así como una metodología de uso de dicho control de versiones.'),
(94, 18, 'Gestión de Cambios', 'Mecanismos de creación, ejecución, control y seguimiento de cambios.', 'No existen mecanismos de Gestión de Cambios.', 'Se gestionan todos los cambios de una forma controlada, incluyendo cambios estándar y de mantenimiento de emergencia en relación con los procesos de negocio, aplicaciones e infraestructura. Esto incluye normas y procedimientos de cambio, análisis de impacto, priorización y autorización, cambios de emergencia, seguimiento, reporte, cierre y documentación.'),
(95, 18, 'Generación de planes de seguimiento.', 'Se recopila información por parte de los equipos participantes y de los Contract Managers y se genera la documentación relativa al seguimiento del proyecto para escalarla al Business Partners.', '1. No se hace recopilación ni se  genera documentación específica de seguimiento de proyecto para escalar la información a negocio', '5. Se recopila, organiza y documenta toda la información relativa al seguimiento del proyecto y se transmite dicha información al Business Partner'),
(96, 18, 'Identificación y seguimiento de riesgos del proyecto', 'Se definen y detectan los riesgos del proyecto de manera temprana y se escalan a la PMO para que haga seguimiento y ayude en los planes de mitigación.', '1. No se realiza gestión de riesgos', '5. Se identifican los posibles riesgos que puedan afectar al proyecto y se tratan según el marco metodológico.'),
(97, 18, 'Coordinación de equipos', 'Se realiza la coordinación de manera efectiva de los distintos equipos que participan en el proyecto. Contando con ellos desde los comienzos y permitiendo que aporten su visión.', '1. No se realiza una coordinación efectiva, se implica a los equipos a medida que se los necesita sin una participación previa y un conocimiento del contexto del proyecto.', '5. Se realizan reuniones previas de proyecto a la que asisten todos los equipos que va a participar para informar y que aporten su visión, se organizan reuniones de seguimiento periódicas durante el ciclo de vida del proyecto. '),
(98, 18, 'Coordinación de contenido de Release', 'Se lleva un control exhaustivo de los contenidos de funcionalidad que se incluyen en cada Release. ', '1. No se lleva control ni se documenta el contenido de funcionalidad que se incluye en cada Release.', '5. Se establece un protocolo de actualización del documento de contenidos de Releases de manera que se pueda consultar el historial de funcionalidades por Release.'),
(99, 18, 'Gestión de Proyectos', 'Planificacion, ejecución y control del proyecto velando por el cumplimiento de sus objetivos. Gestión de recursos y control de los cambios.', '1. No se realiza una planificación ni control de los proyectos.', '5. Se realiza una planificackón inicial del proyecto involucrando a todos los afectados, se realiza seguimiento y control en la ejecucíón gestionando los cambios y recursos para cumplir con los objetivos marcados. Se deben gestionar las restricciones del proyecto: alcance, calidad, tiempo, coste, riesgos y satisfacción del cliente.'),
(100, 25, 'Estrategia de QA', 'Existencia de una estrategia global de QA que contemple distintos aspectos como QA documental, análisis de código, metodología de pruebas, recursos dedicados y gobierno de la misma.', 'No existe una estrategia global de QA', 'La estrategia de QA se encuentra implantada de forma cross en todos los desarrollos contando con una metodología claramente definida, recursos dedicados e involucrados en todo el ciclo de vida del software.'),
(101, 25, 'Datos de prueba', 'Existencia de métodos para la carga de datos de prueba suficientes para la realización de las mismas. Ofuscación de los datos en entornos no productivos.', 'No existen métodos para la carga de datos de prueba. Se realizan manualmente. Hay pocos datos para la realización de pruebas.', 'Se dispone de métodos automatizados para la carga de pruebas y existen datos suficientes para hacer pruebas, semejantes a los del entorno de Producción.'),
(102, 25, 'Pruebas automatizadas', 'Se realizan pruebas para todos los elementos afectados en el desarrollo (pruebas funcionales y de regresión). Estas pruebas han de ser automatizadas en medida de lo posible', 'No se realizan pruebas para todos los elementos afectados en el desarrollo', 'Se realizan pruebas para todos los elementos afectados en el desarrollo y estas se realizan de forma automática'),
(103, 25, 'Pruebas de procedimientos de operación automáticos', 'Pruebas de los procedimientos automatizados para asegurar su ejecución y la correcta ejecución de estos', 'No se realizan pruebas a los procedimientos automatizados.', 'Se realizan pruebas a los procedimientos automáticos para asegurarnos que funcionarán en producción con ciertas garantías.'),
(104, 25, 'Pruebas de Rendimiento', 'Ejecutar e implementar automáticamente las funcionalidades de un programa o servicio para comprobar su correcto funcionamiento bajo escenarios de gran carga y establecer así sus límites antes de la degradación o el fallo.', 'No se realizan pruebas de rendimiento.', 'Se realizan pruebas de rendimiento automáticas en cada despliegue basadas en patrones de actividad.'),
(105, 25, 'Pruebas de Disaster Recovery', 'Realización de pruebas de disaster recovery en base a los procedimientos de recuperación (o planes de contingencia).', 'No se realizan pruebas de disaster recovery.', 'Se realizan pruebas de disaster recovery según el plan de contingencia existente antes de la puesta en producción, pruebas completas de forma periódica y cumplen los RTO/RPO definidos. '),
(106, 25, 'Pruebas de HA y tolerancia a fallos', 'Existencia de pruebas obligatorias de HA y tolerancia a fallos. Elaboración de informe de las mismas con una aprobación necesaria.', 'No existen pruebas obligatorias de HA y tolerancia a fallos en una mayor parte de las soluciones.', 'Se realizan planes de pruebas obligatorios de HA y tolerancia a fallos en todas las soluciones de manera previa al pase a producción y de forma continuada y periódica después del mismo.');
INSERT INTO `variables` (`id`, `numeracion`, `nombre`, `descripcion`, `valor_minimo`, `valor_maximo`) VALUES
(107, 25, 'Herramientas de medición de calidad del código en puesto local', 'Existencia herramientas implementadas en los puestos locales para la medición de calidad del código en tiempo real.', 'No se dispone de herramientas de medición de calidad de código en los puestos locales.', 'Se dispone de herramientas que incluyen todas las reglas de calidad corporativas, configurada para los puestos locales. '),
(108, 25, 'Prácticas de revisión de código', 'Existe una metodología para la revisión manual del código que asegure la calidad de los desarrollos antes de su despliegue.', 'No existe una metodología interna de revisión de código.', 'Existe una política para la revisión del código antes del despliegue.'),
(109, 25, 'Validación de calidad del código', 'Se realizan análisis de calidad de código automáticos en los entornos', 'Se realizan análisis de calidad del código manualmente', 'Se realizan análisis de calidad del código de manera automática'),
(110, 25, 'Grado de cumplimiento de Calidad', 'Cumplimiento de los requisitos de calidad de las aplicaciones', 'Las aplicaciones de producción no cumplen los umbrales mínimos de calidad.', 'Las aplicaciones de producción cumplen los requisitos mínimos de calidad, puesto que no hay subidas a producción que no hayan pasado todas las baterías de pruebas.'),
(111, 25, 'Arquitectura estándar para el desarrollo', 'Existencia de una arquitectura de desarrollo que automatiza, en la medida de lo posible, todas las tareas hasta la subida a producción, cumpliendo con las políticas de reliability.', 'No existe ninguna arquitectura estándar.', 'Existe una arquitectura estándar que es seguida por todos los desarrollos.'),
(112, 25, 'Facilidad de estandarización', 'Facilidad para basar los desarrollos en las arquitecturas y plataformas estándar', 'Existe una complejidad alta para realizar desarrollos en las arquitecturas estándar establecidas, debido a la complejidad de las mismas y la falta de documentación.', 'Existe una mínima complejidad para la adaptación de soluciones en las arquitecturas y plataformas estándar establecidas.'),
(113, 25, 'Repositorio de código', 'Existen repositorios de código para el almacenamiento y versionado de las aplicaciones. Debe ser público, accesible y centralizado. Debe contener todos los fuentes, configuraciones y dependencias ejecutados en cada momento en cada entorno y sus responsables. Debe permitir el versionado y el control de código', 'No existen repositorios de código para el almacenamiento y versionado de las aplicaciones', 'Existen repositorios de código y políticas eficientes para el almacenamiento y versionado de los mismos. Es público, accesible y centralizado y contiene todos los fuentes, configuraciones y dependencias ejecutados en cada momento y en cada entorno. Debe permitir el versionado y el control de código'),
(114, 25, 'IDE de Desarrollo', 'Existencia de herramientas de desarrollo de las aplicaciones.', 'No existe un IDE corporativo para el desarrollo de aplicaciones.', 'Se dispone de un IDE corporativo paquetizado y autocontenido cuya distribución e instalación se realice de forma rápida entre los equipos de desarrollo. '),
(115, 25, 'Entorno colaborativo', 'Se tienen herramientas con la capacidad de realizar desarrollos de forma colaborativa', 'No se trabaja de forma colaborativa', 'Se tienen herramientas para facilitar el desarrollo de forma colaborativa entre equipos, compartir código, preguntas, soluciones de problemas, soporte etc'),
(116, 25, 'Documentación', 'Existencia de documentación funcional y técnica tanto de la arquitectura como de los desarrollos realizados.', 'No existe documentación funcional ni técnica.', 'Se dispone de documentación funcional y técnica de uso de la arquitectura así como de los sistemas desarrollados con la misma. Dicha documentación se encuentra versionada y alineada con las versiones de la arquitectura y los sistemas.'),
(117, 25, 'Documentación de componentes homologados', 'Se dispone de documentación suficiente de los componentes homologados para facilitar su reutilización.', 'No se dispone de documentación suficiente para la mayoría de componentes homologados.', 'Todos los componentes homologados están correctamente documentados.'),
(118, 25, 'Reutilización de componentes', 'Existencia de una metodología y gobierno para la producción de componentes reutilizables.', 'No existe una metodología ni gobierno para la producción de componentes reutilizables.', 'Existe una metodología y gobierno en favor del desarrollo de módulos y componentes reutilizables.'),
(119, 25, 'Gestión de artefactos de software', 'Existe una herramienta o repositorio para la gestión y el almacenamiento de artefactos de software (librerías..etc) que se integre directamente con los entornos.', 'No existe un repositorio de artefactos de software', 'Existe un repositorio de artefactos de software que se integra directamente con los entornos.'),
(120, 25, 'Gestión del ciclo de vida de las APIs', 'Capacidad de conocer el estado de las API: Activo, inactivo, deprecado, versión, documentación etc', 'No se puede consultar el estado de un API o resulta difícil recoger esta información', 'Se cuenta con una herramienta general para consultar el estado de las API y su documentación.'),
(121, 25, 'Continuous Integration', 'Existencia de ciclo de integración continua en los desarrollos', 'No se sigue un ciclo de integración continua con herramientas y automatismos específicos.', 'Se tiene un ciclo de integración continua que siguen todos los desarrollos, por el que se realiza de forma automática con algún disparador definido la compilación, paso de test y calidad para testear la correcta integración de código.'),
(122, 25, 'Continuous Delivery', 'Existencia de un ciclo de continuos delivery en los desarrollos', 'No se sigue ningún ciclo de continuos delivery con herramientas y automatismos específicos', 'Se tiene un ciclo de integración continua y además de forma automática ante un disparador se continúa el ciclo pasando por el resto de entornos (excepto producción) además juego de pruebas completo (automáticas) y procesos de calidad completos (automáticos) hasta generar una release preparada para su puesta en producción.'),
(123, 25, 'Continuous Deployment', 'Existencia de un ciclo de continuous deployment en los desarrollos', 'No se sigue ningún ciclo de continuous deployment con herramientas y automatismos específicos', 'Teniendo una release preparada, se despliega en producción de forma totalmente automatizada ante un disparador (generación de la release) definido.'),
(124, 25, 'Estado de los entornos', 'Estado de los diferentes entornos para asegurar el correcto despliegue de SW  (versiones de SW, librerías,...) y la ejecución de la batería de pruebas (tanto funcionales como de HA, DR, rendimiento)', 'Entornos con deficiencias para el aseguramiento del correcto despliegue de SW y ejecución de pruebas', 'Entornos correctamente configurados para asegurar el correcto despliegue de SW  (versiones de SW, librerías,...) y la ejecución de la batería de pruebas (tanto funcionales como de HA, DR, rendimiento)'),
(125, 25, 'Categoría de CPD on-premises', 'Clasificación TIER, que establece 4 categorías en función del nivel de redundancia de los componentes que soportan el datacenter', 'No se llega a la categoría TIER I (99,671%)', 'TIER IV: centro de datos tolerante a fallos con disponibilidad de 99,995%'),
(126, 25, 'Categoría de CPD on-cloud', 'Clasificación TIER, que establece 4 categorías en función del nivel de redundancia de los componentes que soportan el datacenter', 'No se llega a la categoría TIER I (99,671%)', 'TIER IV: centro de datos tolerante a fallos con disponibilidad de 99,995%'),
(127, 26, 'Monitorización E2E', 'Existencia de herramientas y procedimientos eficaces para la monitorización E2E y análisis Deep Dive de cada componente de la solución', 'No se utilizan herramientas para la monitorización E2E.', 'Se tienen herramientas que monitorizan en tiempo real las operativas del usuario: tiempos de respuesta y estado de salud. Monitor en tiempo real del performance de cada componente funcional. Existencia de transacciones sintéticas, poder hacer drill-down entre sus componentes y análisis click-path de cada usuario.'),
(128, 26, 'Monitorización Health Component', 'Existencia de herramientas y procedimientos eficaces para la monitorización del estado de salud de los componentes y alerta de incidencias.', 'No se utilizan herramientas para la monitorización reactiva.', 'Se utilizan herramientas para la monitorización del estado de salud de todos los componentes de la arquitectura y integrada con herramientas de ticketing'),
(129, 26, 'Automatización de Monitorización', 'Existencia de mecanismos para la monitorización automática de los componentes de arquitectura e infraestructura al dar de alta nuevos componentes.', 'No existen mecanismos para la monitorización automática de componentes.', 'La monitorización de nuevos componentes se realiza de manera automática en base a plantillas predefinidas en función de la tipología del componente.'),
(130, 26, 'Arquitectura estándar para el desarrollo', 'Existencia de una arquitectura de desarrollo que automatiza, en la medida de lo posible, todas las tareas hasta la subida a producción, cumpliendo con las políticas de reliability.', 'No existe ninguna arquitectura estándar.', 'Existe una arquitectura estándar que es seguida por todos los desarrollos.'),
(131, 26, 'Documentación', 'Existencia de documentación funcional y técnica tanto de la arquitectura como de los desarrollos realizados.', 'No existe documentación funcional ni técnica.', 'Se dispone de documentación funcional y técnica de uso de la arquitectura así como de los sistemas desarrollados con la misma. Dicha documentación se encuentra versionada y alineada con las versiones de la arquitectura y los sistemas.'),
(132, 26, 'Descubrimiento automático de componentes', 'Existencia de herramientas de descubrimiento automático de componentes de arquitectura', 'No existen herramientas que faciliten la labor de descubrimiento de componentes para el mantenimiento y actualización de la arquitectura.', 'Existen herramientas de descubrimiento que facilitan toda la información necesaria para el mantenimiento de los componentes de la arquitectura (CMDB) y las relaciones entre ellos.'),
(133, 26, 'Continuous Integration', 'Existencia de ciclo de integración continua en los desarrollos', 'No se sigue un ciclo de integración continua con herramientas y automatismos específicos.', 'Se tiene un ciclo de integración continua que siguen todos los desarrollos, por el que se realiza de forma automática con algún disparador definido la compilación, paso de test y calidad para testear la correcta integración de código.'),
(134, 26, 'Continuous Delivery', 'Existencia de un ciclo de continuos delivery en los desarrollos', 'No se sigue ningún ciclo de continuos delivery con herramientas y automatismos específicos', 'Se tiene un ciclo de integración continua y además de forma automática ante un disparador se continúa el ciclo pasando por el resto de entornos (excepto producción) además juego de pruebas completo (automáticas) y procesos de calidad completos (automáticos) hasta generar una release preparada para su puesta en producción.'),
(135, 26, 'Continuous Deployment', 'Existencia de un ciclo de continuous deployment en los desarrollos', 'No se sigue ningún ciclo de continuous deployment con herramientas y automatismos específicos', 'Teniendo una release preparada, se despliega en producción de forma totalmente automatizada ante un disparador (generación de la release) definido.'),
(136, 26, 'Histórico Subidas a Producción', 'Se guarda un histórico de los elementos subidos a producción, incluyendo la fecha y el responsable.', 'No se guarda un histórico de las subidas a producción realizadas.', 'Se guarda un histórico accesible de todas las subidas a producción realizadas que permite la trazabilidad, de forma completa, de todo el proceso de construcción, empaquetado y despliegue.'),
(137, 26, 'Políticas marcha atrás producción', 'Existencia de políticas de marcha atrás en el entorno de Producción.', 'No existen políticas y procedimientos de marcha atrás en las subidas al entorno de Producción', 'Existen políticas y procedimientos de marcha atrás.'),
(138, 26, 'Gestión de paquetes SSOO', 'Capacidad del componente para gestionar sistemas de paquetes software de diferentes distribuciones de sistema operativo.', 'No se dispone de gestión e instalación de paquetes de sistema operativo.', 'Se dispone de herramientas de gestión e instalación de paquetes de sistema operativo para las distintas distribuciones existentes en los diferentes entornos.'),
(139, 26, 'Publicación de calendario de subidas a PROD', 'Existencia de un calendario de subidas a PROD público y accesible en todo momento.', 'No se publica ningún calendario de subidas a PROD.', 'Existe un calendario de subidas actualizado, consensuado y público (accesible) para mínimo los próximos 6 meses'),
(140, 29, 'Estrategia de QA', 'Existencia de una estrategia global de QA que contemple distintos aspectos como QA documental, análisis de código, metodología de pruebas, recursos dedicados y gobierno de la misma.', 'No existe una estrategia global de QA', 'La estrategia de QA se encuentra implantada de forma cross en todos los desarrollos contando con una metodología claramente definida, recursos dedicados e involucrados en todo el ciclo de vida del software.'),
(141, 24, 'Capas de Diseño de Aplicaciones', 'En la fase de diseño, las aplicaciones deben de ser estructuradas en capas: Front, Servicios, LN, Procesos y Datos.', 'Existen problemas detectados debidos a la mala estructuración en capas de las soluciones', 'La estructura en capas de las soluciones sigue los estándares marcados por el banco'),
(142, 24, 'Facilidad de estandarización', 'Facilidad para basar los desarrollos en las arquitecturas y plataformas estándar', 'Existe una complejidad alta para realizar desarrollos en las arquitecturas estándar establecidas, debido a la complejidad de las mismas y la falta de documentación.', 'Existe una mínima complejidad para la adaptación de soluciones en las arquitecturas y plataformas estándar establecidas.'),
(143, 24, 'Infraestructura Cloud/Virtualizada', 'Arquitecturas que se pueden establecer en Cloud o entornos virtualizados para los elementos que lo requieran', 'No se dispone de aplicaciones migradas a una arquitectura Cloud o Virtualizada.', 'Todas las aplicaciones trabajan en arquitectura Cloud/Virtualizada o preparada para ser Cloud/Virtualizada.'),
(144, 24, 'Documentación', 'Existencia de documentación funcional y técnica tanto de la arquitectura como de los desarrollos realizados.', 'No existe documentación funcional ni técnica.', 'Se dispone de documentación funcional y técnica de uso de la arquitectura así como de los sistemas desarrollados con la misma. Dicha documentación se encuentra versionada y alineada con las versiones de la arquitectura y los sistemas.'),
(145, 24, 'Granularidad', 'Existencia de problemas de rendimiento debidos a la granularidad dispar entre servicios y transacciones.', 'Existen problemas de rendimiento graves debido a la granularidad dispar de los sistemas.', 'Se diseñan servicios y transacciones para cada funcionalidad de Negocio.'),
(146, 24, 'Reutilización de componentes', 'Existencia de una metodología y gobierno para la producción de componentes reutilizables.', 'No existe una metodología ni gobierno para la producción de componentes reutilizables.', 'Existe una metodología y gobierno en favor del desarrollo de módulos y componentes reutilizables.'),
(147, 24, 'Gestión de APIs', 'Existe una herramienta para la gestión de APIs', 'No se trabaja con APIs', 'Se trabaja con APIs y existe una herramienta donde se gestiona su catálogo, gobierno y documentación.'),
(148, 24, 'Orquestación de servicios', 'Capacidad de combinar varias llamadas a servicios distintos de forma homogénea. ', 'No existe capacidad de orquestación de servicios.', 'Se dispone de una herramienta que permita orquestar mensajes entre distintos servicios de diferentes sistemas para favorecer la usabilidad y reutilización del código.'),
(149, 30, 'HA Servidor Físico', 'Se determinan los roles de cada servidor (web, aplicaciones..) siendo necesaria la duplicidad hardware', 'No existe redundancia de servidores', 'Todos los sistemas críticos están redundados con servidores de iguales características técnicas y se ubican en racks/chasis y CPDs diferentes al resto de nodos del clúster de alta disponibilidad.'),
(150, 30, 'HA Servidor Virtual', 'Ubicación de nodos replicados de servidores virtuales ', 'No existen nodos replicados de servidores virtuales', 'Los nodos replicados de servidores virtuales se ubican en gestores diferentes a su principal.'),
(151, 24, 'Redundancia Hardware', 'El hardware redundado cumple la política de reliability', 'No se cumplen las políticas de reliability establecidas (valor máximo)', 'Los servidores/racks disponen de tomas de corriente duplicadas con fuentes de alimentación independientes suministradas por líneas eléctricas separadas, protegidas por sistemas de alimentación ininterrumpida. \nLos servidores disponen de tarjetas de interconexión duplicadas, tanto de almacenamiento por fibra como Ethernet.\nLas interconexiones se encuentran en circuitos de red independientes. Las de fibra se provisionan por dos controladoras de almacenamiento SAN diferentes. Las Ethernet se encuentran conectadas a routers diferentes que conforman una misma red. Los elementos de interconexión se encuentran en líneas de suministro eléctrico independiente.'),
(152, 24, 'Redundancia comunicaciones entre CPDs', 'Redundancia en las comunicaciones entre los CPDs principal y de respaldo', 'Un solo camino fibra o Ethernet', 'Línea redundada para la comunicación entre centros, para todos los protocolos, permitiendo extender LAN y SAN entre centros.'),
(153, 24, 'Redundancia Salida a Internet', 'Redundancia salida a Internet', 'Acceso a internet único con un solo proveedor', 'Acceso a internet con dos proveedores independientes, por distinta zona del edificio y con configuración BGP o similar.'),
(154, 24, 'Diseños no SPOF', 'Las soluciones no adaptadas a arquitecturas estándar están adaptadas a diseños sin puntos únicos de fallo', 'Las soluciones no adaptadas a arquitecturas estándar no están adaptadas a diseños sin puntos únicos de fallo', 'Todas las soluciones no adaptadas a arquitecturas estándar están adaptadas a diseños sin puntos únicos de fallo'),
(155, 30, 'HA BBDD', 'Alta disponibilidad de las BBDD: DB2, SQLServer, Oracle, SAP HANA, DB2UDB, Elastic, Mongo, Netesza, Teradata, Postgresql', 'No se dispone de despliegue de BBDD en Alta Disponibilidad.', 'Alta Disponibilidad de BBDD distribuida entre CPDs, soportando cada uno de ellos el 100% de la carga y disponiendo de un tercer CPD como contingencia.'),
(156, 30, 'HA Servidores de APP', 'Alta Disponibilidad App Server WAS y JBOSS, permitiendo dar servicio ante la caída de un nodo de Servidor de Aplicaciones.', 'No se dispone de despliegue de App Server en Alta Disponibilidad.', 'Alta Disponibilidad de App Server distribuida entre CPDs, soportando cada uno de ellos el 100% de la carga y disponiendo de un tercer CPD como contingencia.'),
(157, 30, 'HA Almacenamiento', 'Alta Disponibilidad almacenamiento (SAN, NAS, objetos,…)', 'No se dispone de alta disponibilidad de las controladoras del almacenamiento corporativo.', 'Se dispone de almacenamiento con alta disponibilidad de controladoras, estando situadas en diferentes salas o CPDs.'),
(158, 30, 'HA entorno VMWare, Hyper-V, OpenStack, LPAR y LDOM.', 'Alta Disponibilidad de infraestructura de virtualización', 'No se dispone de alta disponibilidad en la infraestructura de virtualización', 'Sí se dispone de alta disponibilidad en la infraestructura de virtualización, soportando la caída de N nodos (a definir)'),
(159, 30, 'HA Comunicaciones y Seguridad', 'Alta Disponibilidad en Firewalls, Switches, Balanceadores, IPS,…', 'Elementos de comunicación/seguridad con SPOF', 'Firewall en clúster Activo/Activo, y de distinta tecnología en las distintas capas. \nEl resto de elementos también se encuentran en HA.'),
(160, 30, 'HA Comunicaciones SAN', 'Alta Disponibilidad Comunicaciones SAN', 'Un solo camino fibra o internet', 'Multipath en los caminos de fibra o Ethernet, no existiendo puntos únicos de fallo (dobles switches, doble HBA, doble controladora almacenamiento, etc.).'),
(161, 30, 'HA de computación en AWS', 'Alta disponibilidad de los componentes de computación desplegados en AWS (EC2, ECS, AWS Lambda, …).', 'No se dispone de alta disponibilidad.', 'Para servicios globales críticos se dispone de activo/activo con deslocalización geográfica por regiones y acceso con balanceo de carga  en función del origen de la petición.\nPara resto de servicios activo/activo con los nodos ubicados en distintas zonas de disponibilidad y acceso con balanceo de carga.'),
(162, 30, 'HA de almacenamiento en AWS', 'Alta disponibilidad de los servicios de almacenamiento en AWS (S3, EBS, EFS, Glacier).', 'No se dispone de alta disponibilidad.', 'Almacenamiento diseñado para proporcionar una disponibilidad de al menos 99,999%.'),
(163, 24, 'Escalabilidad horizontal y vertical', 'Capacidad de la arquitectura para adaptarse a las necesidades de rendimiento, evitando la degradación de los servicios a medida que aumenta la demanda de recursos.\nVerticalmente, mediante el aumento de recursos HW en un mismo nodo y horizontalmente aumentando el número de nodos trabajando en paralelo repartiéndose la carga entre los mismos', 'No se dispone de capacidad de escalado.', 'Se dispone de procedimientos automáticos de escalado tanto horizontal como vertical.'),
(164, 28, 'Balanceo de carga', 'Existen infraestructuras para el balanceo de carga.', 'Existe una mayoría de aplicaciones sin balanceo de carga.', 'Todas las aplicaciones disponen de balanceo de carga con criterios inteligentes.'),
(165, 24, 'Clusterización Aplicaciones y Productos', 'Existen  balanceos de carga inteligentes entre uno o varios nodos donde se ejecute la aplicación de forma concurrente (activo-activo).', 'No existe balanceo de carga inteligente', 'Existe balanceo de carga inteligente con nodos desplegados al menos en dos Availability Zones diferentes'),
(166, 24, 'Estado de los entornos', 'Estado de los diferentes entornos para asegurar el correcto despliegue de SW  (versiones de SW, librerías,...) y la ejecución de la batería de pruebas (tanto funcionales como de HA, DR, rendimiento)', 'Entornos con deficiencias para el aseguramiento del correcto despliegue de SW y ejecución de pruebas', 'Entornos correctamente configurados para asegurar el correcto despliegue de SW  (versiones de SW, librerías,...) y la ejecución de la batería de pruebas (tanto funcionales como de HA, DR, rendimiento)'),
(167, 24, 'Actualización de la configuración en caliente', 'Se dispone de mecanismos de configuración de las aplicaciones externos a las mismas.', 'No existen mecanismos de configuración externos a las aplicaciones.', 'Se dispone de mecanismos de configuración externos a las aplicaciones por entorno, que permiten las modificaciones en caliente de la configuración.'),
(168, 24, 'Multicanalidad', 'Capacidad de las aplicaciones para ser accesibles desde distintos tipos de dispositivos ', 'Las aplicaciones no se encuentran preparadas para acceder a través de distintos tipos de dispositivos.', 'Las aplicaciones pueden ser empleadas por cualquier tipo de dispositivo adaptándose perfectamente al mismo.'),
(169, 24, 'Alineamiento SLAs soluciones contratadas', 'Alineamiento entre SLAs de disponibilidad del banco y SLAs de disponibilidad de soluciones contratadas', 'No se percibe un alineamiento entre los SLAs de disponibilidad del banco y los presentados en las soluciones contratadas.', 'Las soluciones contratadas tienen SLAs alineados con los objetivos del banco.'),
(170, 24, 'Categoría de CPD on-premises', 'Clasificación TIER, que establece 4 categorías en función del nivel de redundancia de los componentes que soportan el datacenter', 'No se llega a la categoría TIER I (99,671%)', 'TIER IV: centro de datos tolerante a fallos con disponibilidad de 99,995%'),
(171, 24, 'Categoría de CPD on-cloud', 'Clasificación TIER, que establece 4 categorías en función del nivel de redundancia de los componentes que soportan el datacenter', 'No se llega a la categoría TIER I (99,671%)', 'TIER IV: centro de datos tolerante a fallos con disponibilidad de 99,995%'),
(172, 24, 'Infraestructura independiente', 'Grado de independencia de la arquitectura del canal', 'La infraestructura es compartida por varios canales.', 'Cada canal tiene una infraestructura independiente (incluyendo los componentes críticos: BBDD, LDAP, Enlaces de comunicación, WebServer, Servidor de aplicación, etc)'),
(173, 27, 'Quality Monitoring', 'Existencia de herramientas implantadas para la monitorización de calidad de servicio. Definición de SLAs y nivel de cumplimiento de los mismos. Existencia de mapeo de elementos de arquitectura con la funcionalidad que se ejecute.', 'No existen herramientas implantadas para la monitorización de cumplimiento de SLAs.', 'Existe una herramienta online en la cual se visualiza el cumplimiento de los SLAs en tiempo real. Análisis de impacto en negocio.'),
(174, 27, 'Monitorización E2E', 'Existencia de herramientas y procedimientos eficaces para la monitorización E2E y análisis Deep Dive de cada componente de la solución', 'No se utilizan herramientas para la monitorización E2E.', 'Se tienen herramientas que monitorizan en tiempo real las operativas del usuario: tiempos de respuesta y estado de salud. Monitor en tiempo real del performance de cada componente funcional. Existencia de transacciones sintéticas, poder hacer drill-down entre sus componentes y análisis click-path de cada usuario.'),
(175, 27, 'Monitorización Health Component', 'Existencia de herramientas y procedimientos eficaces para la monitorización del estado de salud de los componentes y alerta de incidencias.', 'No se utilizan herramientas para la monitorización reactiva.', 'Se utilizan herramientas para la monitorización del estado de salud de todos los componentes de la arquitectura y integrada con herramientas de ticketing'),
(176, 27, 'Customer Experience', 'Existencia de herramientas para la monitorización de experiencia de usuario. Elaboración de informes de tasas de abandono.', 'No se registran acciones de usuario.', 'Se registra una trazabilidad completa de la navegación del usuario. Se monitoriza en tiempo real la experiencia de los usuarios y se realizan catalogaciones según dispositivo usado, ubicación etc. Análisis de impacto del mal rendimiento.'),
(177, 27, 'Monitorización proactiva', 'Existencia de herramientas y procedimientos eficaces para poder prever los fallos en las aplicaciones y realizar acciones preventivas para evitar incidencias.', 'No se utilizan herramientas para la monitorización proactiva.', 'Se utiliza una herramienta estándar que monitoriza de forma proactiva todos los componentes de la arquitectura, además, esta monitorización se realiza de forma automática.'),
(178, 27, 'Monitorización predictiva', 'Análisis de comportamiento, autoaprendizaje, correlación e identificación de irregularidades e incidencias potenciales.', 'No existen herramientas para la monitorización predictiva', 'Existen herramientas para realizar de forma efectiva una monitorización predictiva sobre cualquier componente y es capaz de simular escenarios y analizar tendencias.'),
(179, 27, 'Monitorización soluciones SaaS', 'Existencia de herramientas para la monitorización del estado de los servicios desde la Sala de Operación. Las soluciones SaaS han de cumplir los estándares mínimos de monitorización exigidos por la compañía.', 'Las soluciones SaaS permiten una monitorización de caja negra de sus componentes.', 'Las soluciones SaaS permiten una monitorización de caja blanca.'),
(180, 27, 'Monitorización de Uso', 'Capacidad de disponer de información útil de los accesos a los componentes (cantidad, origen, público, etc..) que pueda explotarse para determinar mejoras en los mismos mediante redimensionamiento de infraestructuras y/o nuevas estrategias de evolución de los componentes.', 'No se realiza  monitorización del uso de los componentes.', 'Se monitoriza, de forma unificada y automatizada e integrada con los sistemas, el uso de componentes mediante herramientas de monitorización. '),
(181, 27, 'Log Repository', 'Disponibilidad de logs ubicados en repositorios centralizados, securizados, mantenidos y accesibles. ', 'No existe un repositorio de logs centralizado.', 'Se dispone de un repositorio específico de logs, eventos y alertas accesible, tanto de procesos on-line como batch en tiempo real y con histórico. Este repositorio debe estar securizado y las trazas de log consolidadas con fechas en UTC. Además es de tipo Log Stream. Los logs están centralizados, normalizados y disponibles. No se imprimen logs por consola. Si existen logs en filesystem deben disponer de una política de rotación.'),
(182, 27, 'Gestión de Incidencias', 'Existencia de un procedimiento eficaz para la gestión de incidencias y su resolución.', 'No existe un procedimiento de gestión de incidencias.', 'Existe una herramienta de gestión de incidencias conectada con la CMDB donde se pueden catalogar (Negocio o TI), documentar, historificar y notificar a los responsables o equipos afectados. Detección de recurrencia de incidencias y existencia de protocolos de actuación ante las mismas. Existencia de APIs para poder interactuar de forma programática. Protocolo y matriz de escalado. Modelo de operación del canal.'),
(183, 27, 'Análisis postmortem', 'Existencia de herramientas y procedimientos eficaces para realizar análisis postmortem (impacto, resolución realizada)', 'No existe análisis postmortem', 'Existe análisis postmortem para el análisis de todas las incidencias que no se han podido evitar. Existe una herramienta para clasificar, publicar y hacer seguimiento de los postmortems.'),
(184, 27, 'Gestión de Problemas', 'Herramientas y protocolos para diagnosticar la causa de incidentes críticos o de gran impacto, potencial o recurrente.', 'No se tienen herramientas ni procedimientos para diagnosticar la causa de problemas', 'Se tienen herramientas y procedimientos para identificar causas a problemas y planear tareas para solventarlos. Se hace uso de técnicas de análisis de problemas: Ishikawa, Análisis de Pareto, 5why'),
(185, 27, 'Automatización de Monitorización', 'Existencia de mecanismos para la monitorización automática de los componentes de arquitectura e infraestructura al dar de alta nuevos componentes.', 'No existen mecanismos para la monitorización automática de componentes.', 'La monitorización de nuevos componentes se realiza de manera automática en base a plantillas predefinidas en función de la tipología del componente.'),
(186, 27, 'Auto-remediación', 'Existencia de herramientas para la autorremediación de incidencias. Protocolo de actuación que notifique la existencia y resolución de incidencias en el entorno de producción.', 'No existen mecanismos o herramientas de autorremediación de incidencias.', 'Existen mecanismos y/o herramientas para la autorremediación de incidencias para aquellas incidencias en las que es posible ejecutar una autorremediación.'),
(187, 27, 'Gestión de eventos y alertas', 'Gestión de eventos y alertas producidos por Hardware y Software.', 'No existe gestión de eventos y alertas.', 'Existe una herramienta centralizada para la recepción de eventos y alertas. Deben de estar definidos con un sello de tiempo. Pueden ser silenciados durante un periodo de tiempo y gestionados por Sala de Operación como primer nivel. Además para cada evento debe existir un “Runbook” o protocolo de actuación.'),
(188, 27, 'Correlación de eventos, logs y métricas', 'Capacidad para correlar  eventos, logs y métricas en tiempo real para poder dar un valor añadido y fomentar el uso por ‘Data Scientists’', 'No existe ninguna herramienta para correlar  eventos, logs y métricas.', 'Existe una herramienta de correlación de  eventos, logs y métricas en tiempo real por la que se puede monitorizar y usar para toma de decisiones.'),
(189, 29, 'Pruebas post-despliegue', 'Realización de pruebas en el entorno de producción.', 'No se realizan pruebas en el entorno de Producción.', 'Se realizan pruebas de Friends & Family o Canary Test en el entorno de Producción. '),
(190, 29, 'Pruebas de Chaos-Engineering', 'Se realizan pruebas de chaos-engineering', 'No se realizan pruebas de chaos-engineering', 'Sí se realizan pruebas de chaos-engineering'),
(191, 29, 'Pruebas de Disaster Recovery', 'Realización de pruebas de disaster recovery en base a los procedimientos de recuperación (o planes de contingencia).', 'No se realizan pruebas de disaster recovery.', 'Se realizan pruebas de disaster recovery según el plan de contingencia existente antes de la puesta en producción, pruebas completas de forma periódica y cumplen los RTO/RPO definidos. '),
(192, 29, 'Pruebas de HA y tolerancia a fallos', 'Existencia de pruebas obligatorias de HA y tolerancia a fallos. Elaboración de informe de las mismas con una aprobación necesaria.', 'No existen pruebas obligatorias de HA y tolerancia a fallos en una mayor parte de las soluciones.', 'Se realizan planes de pruebas obligatorios de HA y tolerancia a fallos en todas las soluciones de manera previa al pase a producción y de forma continuada y periódica después del mismo.'),
(193, 27, 'Grado de cumplimiento de Calidad', 'Cumplimiento de los requisitos de calidad de las aplicaciones', 'Las aplicaciones de producción no cumplen los umbrales mínimos de calidad.', 'Las aplicaciones de producción cumplen los requisitos mínimos de calidad, puesto que no hay subidas a producción que no hayan pasado todas las baterías de pruebas.'),
(194, 27, 'Infraestructura Cloud/Virtualizada', 'Arquitecturas que se pueden establecer en Cloud o entornos virtualizados para los elementos que lo requieran', 'No se dispone de aplicaciones migradas a una arquitectura Cloud o Virtualizada.', 'Todas las aplicaciones trabajan en arquitectura Cloud/Virtualizada o preparada para ser Cloud/Virtualizada.'),
(195, 27, 'Documentación', 'Existencia de documentación funcional y técnica tanto de la arquitectura como de los desarrollos realizados.', 'No existe documentación funcional ni técnica.', 'Se dispone de documentación funcional y técnica de uso de la arquitectura así como de los sistemas desarrollados con la misma. Dicha documentación se encuentra versionada y alineada con las versiones de la arquitectura y los sistemas.'),
(196, 27, 'Granularidad', 'Existencia de problemas de rendimiento debidos a la granularidad dispar entre servicios y transacciones.', 'Existen problemas de rendimiento graves debido a la granularidad dispar de los sistemas.', 'Se diseñan servicios y transacciones para cada funcionalidad de Negocio.'),
(197, 27, 'Configuración centralizada', 'El sistema está diseñado para recoger la configuración de un único punto', 'No existe un diseño de configuración centralizada', 'El sistema está diseñado para recoger información de un punto central. Además las configuraciones son generales y un cambio afecta a todos los componentes que la usen.'),
(198, 27, 'Descubrimiento automático de componentes', 'Existencia de herramientas de descubrimiento automático de componentes de arquitectura', 'No existen herramientas que faciliten la labor de descubrimiento de componentes para el mantenimiento y actualización de la arquitectura.', 'Existen herramientas de descubrimiento que facilitan toda la información necesaria para el mantenimiento de los componentes de la arquitectura (CMDB) y las relaciones entre ellos.'),
(199, 27, 'Herramientas para mantenimiento de la CMDB', 'Existen herramientas para el registro de los CIs y las relaciones entre ellos', 'No se utilizan herramientas para el registro de Cis', 'Existe un responsable único del mantenimiento de la CMDB, verificando que se registra en ésta la información relativa a los CIs, las relaciones entre CIs y las relaciones con incidencias, problemas o cambios, con el fin de detectar obsolescencias y realizar análisis de impacto.'),
(200, 27, 'Políticas de auditoría de componentes', 'Existencia de políticas de auditoría de los componentes de la arquitectura', 'No existen políticas de auditoría de los componentes de la arquitectura.', 'Existen políticas de auditoría periódica de los componentes de la arquitectura, identificando componentes homologados/no homologados y posibles planes de migración.'),
(201, 27, 'Gestión del ciclo de vida de las APIs', 'Capacidad de conocer el estado de las API: Activo, inactivo, deprecado, versión, documentación etc', 'No se puede consultar el estado de un API o resulta difícil recoger esta información', 'Se cuenta con una herramienta general para consultar el estado de las API y su documentación.'),
(202, 9, 'Continuous Integration', 'Existencia de ciclo de integración continua en los desarrollos', 'No se sigue un ciclo de integración continua con herramientas y automatismos específicos.', 'Se tiene un ciclo de integración continua que siguen todos los desarrollos, por el que se realiza de forma automática con algún disparador definido la compilación, paso de test y calidad para testear la correcta integración de código.'),
(203, 9, 'Continuous Delivery', 'Existencia de un ciclo de continuos delivery en los desarrollos', 'No se sigue ningún ciclo de continuos delivery con herramientas y automatismos específicos', 'Se tiene un ciclo de integración continua y además de forma automática ante un disparador se continúa el ciclo pasando por el resto de entornos (excepto producción) además juego de pruebas completo (automáticas) y procesos de calidad completos (automáticos) hasta generar una release preparada para su puesta en producción.'),
(204, 9, 'Continuous Deployment', 'Existencia de un ciclo de continuous deployment en los desarrollos', 'No se sigue ningún ciclo de continuous deployment con herramientas y automatismos específicos', 'Teniendo una release preparada'),
(205, 27, 'Políticas marcha atrás producción', 'Existencia de políticas de marcha atrás en el entorno de Producción.', 'No existen políticas y procedimientos de marcha atrás en las subidas al entorno de Producción', 'Existen políticas y procedimientos de marcha atrás.'),
(206, 27, 'Orquestación de servicios', 'Capacidad de combinar varias llamadas a servicios distintos de forma homogénea. ', 'No existe capacidad de orquestación de servicios.', 'Se dispone de una herramienta que permita orquestar mensajes entre distintos servicios de diferentes sistemas para favorecer la usabilidad y reutilización del código.'),
(207, 27, 'Gestión mantenimientos', 'Disponibilidad de contratos de mantenimiento de los diferentes elementos, tanto software como hardware que componen la infraestructura.', 'No se dispone de contratos de mantenimiento.', 'Se dispone de contratos de mantenimiento y soporte para todos los elementos de la infraestructura, no existiendo elementos fuera de soporte, así como de una herramienta para la gestión de los mismos, conectada con la CMDB y con herramientas de descubrimiento del SW o HW desplegado'),
(208, 27, 'Redundancia de datos', 'Redundancia de los datos.', 'Existe una única copia del dato', 'Existen copias distribuidas en diferentes nodos y el RTO es 0 ante la caída de un nodo (de aplicación o de base de datos). Aplica a todas las tipologías de datos.'),
(209, 27, 'Mecanismos parada ordenada', 'Existencia de protocolos de parada ordenada de sistemas y coordinación entre los equipos de producción y el proyecto.', 'No existen mecanismos de parada ordenada de los sistemas en una mayoría de las soluciones.', 'Existen paradas de servicio planificadas y alineadas con las ventanas de disponibilidad de la solución global del banco en todas las soluciones. Estas paradas se ejecutan de forma automatizada (vía script). Además se tienen mecanismos de arranque ordenado para poder devolverlo a la normalidad.'),
(210, 27, 'Reinicio sin pérdida disponibilidad', 'Existencia de mecanismos de reinicio sin pérdida de disponibilidad', 'No existen mecanismos de reinicio sin pérdida de disponibilidad en la mayor parte de las soluciones.', 'Existen mecanismos de reinicio sin pérdida de la disponibilidad en todas las soluciones.'),
(211, 27, 'Actualización de la configuración en caliente', 'Se dispone de mecanismos de configuración de las aplicaciones externos a las mismas.', 'No existen mecanismos de configuración externos a las aplicaciones.', 'Se dispone de mecanismos de configuración externos a las aplicaciones por entorno, que permiten las modificaciones en caliente de la configuración.'),
(212, 27, 'Backup en caliente', 'Tipo de backup realizado en cuanto al impacto sobre la fuente de los datos, desde backup en frío hasta backup en caliente.', 'No se realiza backup.', 'Existen políticas de backup y restore. Se realiza backup en caliente, no impactando en la operativa de producción.'),
(213, 27, 'Multicanalidad', 'Capacidad de las aplicaciones para ser accesibles desde distintos tipos de dispositivos ', 'Las aplicaciones no se encuentran preparadas para acceder a través de distintos tipos de dispositivos.', 'Las aplicaciones pueden ser empleadas por cualquier tipo de dispositivo adaptándose perfectamente al mismo.'),
(214, 27, 'Alineamiento SLAs soluciones contratadas', 'Alineamiento entre SLAs de disponibilidad del banco y SLAs de disponibilidad de soluciones contratadas', 'No se percibe un alineamiento entre los SLAs de disponibilidad del banco y los presentados en las soluciones contratadas.', 'Las soluciones contratadas tienen SLAs alineados con los objetivos del banco.'),
(215, 28, 'Categoría de CPD on-premises', 'Clasificación TIER, que establece 4 categorías en función del nivel de redundancia de los componentes que soportan el datacenter', 'No se llega a la categoría TIER I (99,671%)', 'TIER IV: centro de datos tolerante a fallos con disponibilidad de 99,995%'),
(216, 28, 'Categoría de CPD on-cloud', 'Clasificación TIER, que establece 4 categorías en función del nivel de redundancia de los componentes que soportan el datacenter', 'No se llega a la categoría TIER I (99,671%)', 'TIER IV: centro de datos tolerante a fallos con disponibilidad de 99,995%'),
(217, 27, 'Publicación de calendario de subidas a PROD', 'Existencia de un calendario de subidas a PROD público y accesible en todo momento.', 'No se publica ningún calendario de subidas a PROD.', 'Existe un calendario de subidas actualizado, consensuado y público (accesible) para mínimo los próximos 6 meses'),
(218, 27, 'Foto técnica y funcional del canal', 'Disposición de fotos técnica y funcional completas del canal.', 'No existen fotos técnicas ni funcionales del canal', 'Existe un mapa técnico y funcional completo y actualizado del canal, incluyendo el detalle de las operativas críticas.'),
(219, 27, 'Configuración de Logs', 'Debe existir un nivel suficiente de traza que permita el análisis a partir de los logs.', 'No hay un nivel suficiente de traza para permitir el análisis', 'Sí se dispone de un nivel suficiente de traza que permita el análisis. Existe una política que establece un formato común para todos los logs (formato y nivel de alertado).'),
(220, 31, 'Deviation of planned budget', 'The deviation of the planned budget (cost) is the difference in costs between the planned baseline against the actual budget. Actual value – Budget value / Budget value', '0', NULL),
(221, 31, 'Deviation of planned time schedule for project/program', 'The deviation of the planned time schedule is the difference in time between the planned baseline against the actual schedule.', '0', NULL),
(222, 31, 'Deviation of planned hours of work', 'The deviation of the planned work is the difference in work hours between the planned baseline against the actual statement of work.', '0', NULL),
(223, 31, '% of overdue project tasks', 'Percentage of overdue project tasks.', '0', '100'),
(224, 31, '% of FTE actually working on project that were not initially assigned', 'Percentage of FTE actually working on project that were not initially assigned.', '0', '100'),
(225, 31, '% of milestones missed', 'Percentage of milestones as recorded in all projects/programs that have been missed.', '0', '100'),
(226, 31, 'Deviation of planned ROI', 'The deviation of the planned Return on Investment (ROI) is the difference between Return on Investment in the planned baseline and the actual Return on Investment. ROI is the return an investment will generate annually as a percentage of the investment.', '0', '100'),
(227, 31, '% of lessons learnt sessions per registered projects before project close outs completed', 'As part of project close out, a lessons learnt session should be held. This to incorporate mistakes and failures in a project with the main aim to prevent this from happening in future projects\n0-25 % – Not Acceptable\n26-50 % – Acceptable\n51-70 % – Good\n71-100 % – Exceptional', '0', '100'),
(228, 31, 'Project issue queue rate', 'The number of project issues closed, relative to the number of project issues opened in a given time period.', '0', '100'),
(229, 31, 'Average number of milestones per project plan', 'To bring focus in managing the project the project plan is better if the number of milestones are balanced.\nGood: > 5 # milestones\nAverage: > 15 milestones < 25 milestones\nPoor: > 25 milestones\nLarge projects with over 25 products should be splitted into subprojects (with a separate plan).', '0', '>25'),
(230, 31, '% of assigned FTE actually working on project', 'Percentage of FTE assigned to project actually working on project/program. It is the percentage of assigned FTE that are actual registering time for project.', '0', '100'),
(231, 31, '% of time coordinating project', 'Percentage of time (in labour hours) used to coordinate project relative to all time used to implement (and coordinate) project.', '0', '100'),
(232, 31, 'Deviation of planned break-even time', 'The deviation of the planned break-even time is the difference in time between the planned baseline against the actual break-even time. The break-even time is determined by the point where the business expenses equal the income generated, with neither profit nor loss.', NULL, NULL),
(233, 31, 'Deviation of net present value (NPV)', 'The deviation of the planned net present value (NPV) is the difference in value between the planned baseline against the actual net present value. NPV is a method used in discounted cash flow analysis to find the sum of money representing the difference between the present value of all inflows and outflows of cash associated with the project by discounting each at a target yield.', '0', '100'),
(234, 31, 'Cost of managing processes', 'Periodic costs of managing processes, usually based on the number of Full Time Equivalents (FTEs) involved in management functions for processes.', '0', NULL),
(235, 31, 'Budgeted Cost of Work Scheduled (BCWS)', 'The budgets of the activities that are planned or scheduled to be completed.\nAnother term for BCWP is “planned value”.', '0', NULL),
(236, 31, 'Number of milestones missed', 'Number of milestones of project missed.', '0', NULL),
(237, 31, 'Actual Cost of Work Performed (ACWP)', 'The sum of actual costs of activities that are completed.', '0', NULL),
(238, 31, 'Requisition to item issuance time', 'To measure the delay between the time when a procurement request is initiated and the time when the request is fulfilled (expressed in terms of days).', '0', NULL),
(239, 31, 'Number of non conformities during vendor inspection', 'Number of non conformities during inspection against a particular vendor. To measure the performance of different vendors.', '0', NULL),
(240, 31, '# planned hours per task', 'A good project plan contains a good balance between administrative effort and ability to manage. The average task (defined as the lowest level of the work breakdown structure) in a project plan is a item that takes approximately 40-200 hours to finish.\nBest: Between 40-200 hours\nAverage: Between 20-40 hours or more than 500 hours\nPoor: Less than 20 hours or more than 500 hours', '0', '>500'),
(241, 31, 'Estimate at Completion (EAC)', 'The actual cost of work performed (ACWP) plus the estimate to complete (ETC) for all of the remaining work.', '0', NULL),
(242, 31, 'Number of unstaffed hours', 'Number of hours planned (per program or project) with no resources assigned to perform the work.', '0', NULL),
(243, 31, 'Cost Schedule Index (CSI)', 'Cost Performance Index times Schedule Performance Index (CPI x SPI). CSI measures the likelihood of recovery for project that is late and/or over budget.', NULL, NULL),
(244, 31, 'Budgeted Cost of Work Performed (BCWP) or Earned Value', 'The planned or scheduled cost of activities that are completed.\nAnother term for BCWP is “earned value”.', '0', NULL),
(245, 31, 'Schedule Variance (SV)', 'Earned Value minus the planned budget for the completed work (BCWP-BCWS).', '0', NULL),
(246, 31, 'Cost Variance (CV)', 'Earned Value minus the actual cost (BCWP-ACWP).', '0', NULL),
(247, 31, 'Cost Performance Index (CPI)', 'Earned Value divided by the actual cost (BCWP/ACWP).', '0', '1'),
(248, 31, 'Schedule Performance Index (SPI)', 'Earned Value divided by the planned value (BCWP/BCWS).', '0', '1'),
(249, 31, 'Number of new project/program issues', 'Number of new project/program issues that have been administered within measurement period.', '0', NULL),
(250, 31, 'Scope Performance Index', 'This KPI measures hw healthy is the scope management of a certain project\nThis KPI is a fraction number around the unity (1), less than 1 is bad, higher than 1 is good', '0', NULL),
(251, 32, '% of customers given satisfaction surveys', 'This one is important in any QMS, puts customer and his satisfaction in focus.', '0', '100');
INSERT INTO `variables` (`id`, `numeracion`, `nombre`, `descripcion`, `valor_minimo`, `valor_maximo`) VALUES
(252, 32, 'Number of complaints', 'Number of complaints received within the measurement period.', '0', NULL),
(253, 32, '% of outage due to changes (planned unavailability)', 'Percentage of outage (unavailability) due to implementation of planned changes, relative to the service hours.', NULL, NULL),
(254, 32, 'Availability (excluding planned downtime)', 'Percentage of actual uptime (in hours) of equipment relative to the total numbers of planned uptime (in hours).\nPlanned uptime = service hours – planned downtime\nPlanned downtime is downtime as scheduled for maintenance.\nAlso known as: Service Outage Duration', NULL, NULL),
(255, 32, 'First-call resolution rate', 'Percentage of customer issues that were solved by the first phone call.', NULL, NULL),
(256, 32, 'Mean Time to Repair (MTTR)', 'Average time (e.g. in hours) between the occurrence of an incident and its resolution.', NULL, NULL),
(257, 32, '% incidents solved within SLA time', 'Total number of incidents resolved within SLA time divided by the total number of incidents', NULL, NULL),
(258, 32, '% of service requests resolved within an agreed-upon period of time', 'Percentage of service requests resolved within an agreed-upon/acceptable period of time.', NULL, NULL),
(259, 32, 'Average number of calls / service request per handler', 'Average number of calls / service requests per employee of call center / service desk within measurement period.', NULL, NULL),
(260, 32, '% of budget deviation relative to total budget', 'Percent of budget deviation value compared to the total budget.', NULL, NULL),
(261, 32, '% of outage due to incidents (unplanned unavailability)', 'Percentage of outage (unavailability) due to incidents in the IT environment, relative to the service hours.', NULL, NULL),
(262, 32, '% of repeat incidents', 'Percentage of incidents that can be classified as a repeat incident, relative to all reported incidents within the measurement period. A repeat incident is an incident that has already occured (multiple times) in the measurement period.', NULL, NULL),
(263, 32, '% of unplanned outage/unavailability due to changes', 'Percentage of unplanned outage (unavailability) due to the implementation of changes into the infrastructure. Unplanned means that the outage (or part of the outage) was not planned before implementation of the change.', NULL, NULL),
(264, 32, '% of reopened service requests', 'Percentage of closed service requests that have been reopened (and therefore initially not resolved according to the customer), relative to closed service requests within a given time period.', NULL, NULL),
(265, 32, '% of incidents solved within deadline/target', 'Number of incidents closed within the allowed duration time-frame, relative to the number of all incidents closed in a given time period. A duration time-frame is applied to each incident when it is received, and sets a limit on the amount of time available to resolve the incident. The applied duration time-frame is derived from the agreements made with the customer about resolving incidents.', NULL, NULL),
(266, 32, '% of overdue service requests', 'Number of overdue service requests (not closed and not solved within the established time frame) relative to the number of open (not closed) service requests.', NULL, NULL),
(267, 32, 'Average problem closure duration', 'Average amount of time (e.g. in days) between the registration of problems and their closure.', NULL, NULL),
(268, 32, 'Average incident response time', 'The average amount of time (e.g. in minutes) between the detection of an incident and the first action taken to repair the incident.', NULL, NULL),
(269, 32, 'Abandon rate of incoming phone calls', 'Percentage of telephone calls abandoned by the caller while waiting to be answered.', NULL, NULL),
(270, 32, 'Average speed to answer phone call', 'Average time (usually in seconds) it takes for a telephone call to be answered.', NULL, NULL),
(271, 32, '% of calls answered within set timeframe', 'Percentage of telephone calls answered within a definite timeframe, e.g. 80% in 20 seconds.', NULL, NULL),
(272, 32, 'First line service request closure rate', 'Number of requests closed by the service desk, i.e. the first line support teams, relative to the number of all requests closed in a given time period. This reflects the skills and knowledge of the service desk personnel. This KPI can be used to monitor the learning curve of the service desk, but of course its usage is only meaningful if the goal is to have a skilled service desk.', NULL, NULL),
(273, 32, 'Service request queue rate', 'The number of requests closed, relative to the number of requests opened in a given time period. So if the actual value for this KPI is less than 1, the volume of calls in the backlog is growing.', NULL, NULL),
(274, 32, '% of urgent changes', 'Number of opened, urgent changes relative to the total number of changes opened in a given time period. This KPI reflects the size of the potential risk of urgent changes on the quality and performance of the change management process.', NULL, NULL),
(275, 32, '% of Service Desk Availabilty', 'Calculation of the Service Desk Availiability over the Reporting Period.', NULL, NULL),
(276, 32, '% of callers given satisfaction surveys', 'The percentage of callers who took the satisfaction survey that follows a call.', NULL, NULL),
(277, 32, 'Average # of incidents handled by each first line operatives', 'Average number of incidents that each first line operative is assigned to.', NULL, NULL),
(278, 32, '% of service requests closed before deadline', 'Percentage of service requests closed before deadline.', NULL, NULL),
(279, 32, 'Average incident closure duration', 'Average amount of time between the registration of incidents and their closure.', NULL, NULL),
(280, 32, '% of problems with a root cause identified', '% of problems with a root cause identified for the failure', NULL, NULL),
(281, 32, '% of vendor services delivered without agreed service targets', 'Percentage of vendor services delivered without agreed service targets.', NULL, NULL);

--
-- Índices para tablas volcadas
--

--
-- Indices de la tabla `ambitos`
--
ALTER TABLE `ambitos`
  ADD PRIMARY KEY (`numeracion`);

--
-- Indices de la tabla `secciones`
--
ALTER TABLE `secciones`
  ADD PRIMARY KEY (`id`);

--
-- Indices de la tabla `variables`
--
ALTER TABLE `variables`
  ADD PRIMARY KEY (`id`),
  ADD KEY `variables_ibfk` (`numeracion`);

--
-- AUTO_INCREMENT de las tablas volcadas
--

--
-- AUTO_INCREMENT de la tabla `ambitos`
--
ALTER TABLE `ambitos`
  MODIFY `numeracion` int(4) NOT NULL AUTO_INCREMENT, AUTO_INCREMENT=33;

--
-- AUTO_INCREMENT de la tabla `secciones`
--
ALTER TABLE `secciones`
  MODIFY `id` int(4) NOT NULL AUTO_INCREMENT, AUTO_INCREMENT=7;

--
-- AUTO_INCREMENT de la tabla `variables`
--
ALTER TABLE `variables`
  MODIFY `id` int(4) NOT NULL AUTO_INCREMENT, AUTO_INCREMENT=282;

--
-- Restricciones para tablas volcadas
--

--
-- Filtros para la tabla `variables`
--
ALTER TABLE `variables`
  ADD CONSTRAINT `variables_ibfk` FOREIGN KEY (`numeracion`) REFERENCES `ambitos` (`numeracion`) ON DELETE CASCADE,
  ADD CONSTRAINT `variables_ibfk_1` FOREIGN KEY (`numeracion`) REFERENCES `ambitos` (`numeracion`) ON DELETE CASCADE ON UPDATE CASCADE;
COMMIT;

/*!40101 SET CHARACTER_SET_CLIENT=@OLD_CHARACTER_SET_CLIENT */;
/*!40101 SET CHARACTER_SET_RESULTS=@OLD_CHARACTER_SET_RESULTS */;
/*!40101 SET COLLATION_CONNECTION=@OLD_COLLATION_CONNECTION */;
